duration,energy,difficulty,emotion,habit
53,574,4,-0.05,스트레칭
82,247,3,-0.64,필라테스
22,227,4,-0.77,테니스
86,303,5,0.04,강의 듣기
23,127,2,-0.62,문제 풀이
27,378,5,0.93,댄스
108,323,4,-0.55,영화 감상
47,38,5,-0.68,사이클링
14,272,3,0.39,외국어 공부
97,758,4,0.04,농구
36,670,2,-0.05,댄스
60,14,5,0.61,목표 설정
117,531,4,0.03,코딩 연습
75,585,2,-0.74,요가
56,576,5,0.25,목표 설정
60,46,2,-0.95,요가
21,52,3,0.94,스트레칭
33,765,2,-0.23,명상
27,214,5,-0.63,테니스
26,729,1,-0.08,플래너 작성
80,716,1,0.2,건강한 식사
57,44,2,0.62,클라이밍
64,308,5,-0.59,농구
9,783,4,0.49,배드민턴
92,349,1,-0.45,수영
69,173,3,-0.98,건강한 식사
70,44,3,0.41,요리하기
101,787,4,-0.4,수면 습관
51,648,1,0.37,플래너 작성
23,528,4,-0.54,게임
59,143,2,-0.77,사이클링
16,384,4,1.0,악기 연주
98,144,4,-0.73,수면 습관
117,144,1,-0.94,줄넘기
76,209,4,-0.43,달리기
36,743,1,-0.69,수면 습관
30,431,4,0.23,사진 찍기
50,312,2,0.71,요리하기
40,31,5,-0.23,사이클링
94,300,4,-0.6,영화 감상
11,117,4,0.13,탁구
112,551,4,0.64,일기쓰기
102,458,3,0.1,게임
55,241,1,0.69,사진 찍기
82,559,4,0.85,배드민턴
114,457,1,0.26,배드민턴
62,388,1,-0.27,줄넘기
105,280,4,-0.08,요리하기
82,748,5,0.28,수영
77,400,3,-0.23,요가
94,767,3,-0.35,줄넘기
25,255,3,0.14,물 많이 마시기
116,336,2,0.09,축구
8,285,2,0.61,요가
57,576,2,-0.59,일기쓰기
107,455,1,0.18,필라테스
111,531,1,-0.48,스트레칭
54,726,1,0.4,필라테스
5,245,4,-0.62,축구
107,162,3,-0.39,배드민턴
56,377,5,-0.6,건강한 식사
24,18,1,0.18,농구
33,339,4,0.04,탁구
44,534,3,-0.08,달리기
97,436,4,-0.11,독서
34,679,4,-0.85,수면 습관
107,713,5,0.97,목표 설정
53,641,5,0.61,그림 그리기
110,765,3,-0.07,농구
36,770,4,-0.29,달리기
13,109,5,-0.74,명상
28,419,3,0.82,사이클링
11,250,5,0.85,건강한 식사
42,138,2,0.31,목표 설정
83,712,3,0.92,명상
77,760,4,0.77,악기 연주
22,396,3,-0.39,독서
118,184,1,0.99,웨이트 트레이닝
40,338,1,0.12,독서
78,717,2,0.79,요리하기
33,585,1,-0.69,줄넘기
36,536,5,0.33,코딩 연습
67,59,2,-0.42,스트레칭
108,64,4,0.63,사진 찍기
77,692,4,0.78,농구
118,767,1,-0.89,악기 연주
11,353,4,0.76,목표 설정
117,547,3,-0.92,코딩 연습
10,712,2,0.7,수면 습관
111,543,2,-0.23,일기쓰기
73,58,1,-0.13,영화 감상
108,404,2,0.71,댄스
11,614,2,0.77,달리기
116,14,4,-0.14,강의 듣기
118,717,3,0.34,필라테스
45,13,2,0.3,영화 감상
77,795,1,0.81,줄넘기
23,186,2,-0.42,탁구
60,63,1,0.62,달리기
19,130,4,-1.0,건강한 식사
70,608,3,0.83,강의 듣기
70,612,2,-0.08,독서
12,485,1,-0.7,요리하기
8,196,1,-0.01,클라이밍
26,676,5,0.8,게임
69,643,3,-0.79,목표 설정
86,683,5,-0.22,일기쓰기
112,285,1,-0.36,필라테스
84,159,3,0.05,줄넘기
59,442,5,0.21,플래너 작성
62,117,5,0.99,플래너 작성
34,219,1,0.33,독서
103,671,1,0.4,명상
11,141,3,0.25,명상
26,305,1,-0.98,축구
30,26,1,0.12,농구
104,751,4,0.7,수영
102,113,3,-0.05,사진 찍기
8,733,5,-0.94,수영
70,298,5,-0.14,축구
93,396,2,0.58,필라테스
119,746,1,0.62,축구
40,447,3,0.21,달리기
31,113,2,-0.85,플래너 작성
117,37,3,0.32,웨이트 트레이닝
119,507,2,-0.08,문제 풀이
29,739,2,0.58,필라테스
39,592,3,-0.02,웨이트 트레이닝
113,115,1,-0.33,요리하기
40,622,2,0.79,클라이밍
41,68,2,-0.67,영화 감상
103,579,1,0.11,축구
32,539,1,-0.29,문제 풀이
30,405,5,0.25,수면 습관
40,643,5,-0.37,배드민턴
81,108,1,-0.45,강의 듣기
34,563,1,-0.0,테니스
110,795,5,-0.52,사진 찍기
43,787,1,0.13,댄스
84,643,3,0.26,댄스
33,20,4,-0.03,건강한 식사
95,595,1,-0.47,요리하기
69,27,2,0.19,클라이밍
73,711,1,0.64,명상
84,321,4,-0.45,목표 설정
42,779,2,0.27,사진 찍기
67,679,3,-0.79,테니스
83,464,1,0.52,외국어 공부
11,184,3,-0.04,달리기
119,319,2,-0.09,수면 습관
57,135,5,0.18,영화 감상
102,647,4,-0.61,외국어 공부
108,677,2,-0.33,일기쓰기
60,205,4,0.22,일기쓰기
79,345,5,-0.84,사이클링
103,329,3,0.68,일기쓰기
109,538,1,0.1,수면 습관
90,119,1,-0.66,목표 설정
114,745,3,-0.87,사이클링
63,694,4,0.52,달리기
47,589,3,0.21,물 많이 마시기
51,373,2,-0.56,악기 연주
42,57,5,0.33,플래너 작성
84,136,4,-0.37,게임
50,531,5,0.4,문제 풀이
19,396,3,0.55,댄스
68,486,2,0.55,외국어 공부
44,113,4,-0.88,독서
102,777,5,-0.85,탁구
28,503,4,-0.42,외국어 공부
114,557,4,0.28,농구
98,529,2,0.44,필라테스
105,156,4,0.88,목표 설정
25,49,5,0.34,외국어 공부
39,460,2,-0.87,독서
74,41,4,-0.09,사진 찍기
66,554,1,-0.51,문제 풀이
22,233,4,-0.81,스트레칭
42,628,1,-0.63,일기쓰기
82,263,4,0.28,요리하기
86,102,5,0.88,필라테스
73,798,5,-0.87,수영
20,283,1,-0.57,댄스
22,138,2,-0.35,문제 풀이
28,723,3,0.74,강의 듣기
54,534,4,0.53,스트레칭
41,403,5,-0.61,사진 찍기
95,577,3,-0.75,건강한 식사
45,155,2,0.36,웨이트 트레이닝
49,487,5,0.42,독서
49,171,1,-0.85,건강한 식사
94,180,5,0.57,탁구
36,774,1,-0.18,문제 풀이
78,324,5,-0.09,줄넘기
17,226,2,0.41,플래너 작성
114,503,3,0.89,건강한 식사
21,559,3,0.82,요가
8,227,4,0.29,물 많이 마시기
73,237,4,0.48,웨이트 트레이닝
66,268,2,0.95,사진 찍기
107,318,4,-0.55,농구
59,725,2,-0.94,악기 연주
56,259,2,0.44,명상
86,642,5,-0.71,탁구
99,352,1,0.1,테니스
77,659,4,-0.29,요리하기
14,584,3,-0.7,악기 연주
40,307,4,-0.52,농구
48,435,2,0.06,탁구
85,702,2,0.5,요가
71,222,3,0.68,줄넘기
101,183,2,-0.7,게임
40,403,4,0.82,영화 감상
114,206,4,-0.21,외국어 공부
87,108,1,-0.57,코딩 연습
26,111,4,-0.6,사이클링
89,571,1,-0.06,물 많이 마시기
30,688,3,0.62,악기 연주
85,609,1,-0.28,수면 습관
58,575,4,0.17,물 많이 마시기
85,76,4,-0.51,플래너 작성
87,183,1,-0.97,그림 그리기
17,401,1,-0.97,영화 감상
68,549,2,-0.62,물 많이 마시기
83,121,1,0.91,강의 듣기
94,448,3,-0.37,배드민턴
118,590,2,-0.22,악기 연주
26,394,4,-0.2,테니스
39,511,5,-0.51,요리하기
80,566,3,0.65,요리하기
101,422,2,-0.59,필라테스
75,261,2,-0.67,악기 연주
55,713,2,0.95,수면 습관
63,655,3,-0.68,사이클링
55,639,5,-0.83,강의 듣기
32,435,2,0.71,외국어 공부
52,41,4,0.93,수영
55,314,4,-0.64,축구
86,320,5,-0.77,영화 감상
43,365,4,0.25,요리하기
20,77,2,-0.01,축구
8,242,5,0.06,수영
115,337,4,0.19,게임
31,124,1,-0.6,탁구
13,50,4,-0.7,외국어 공부
58,392,4,0.36,웨이트 트레이닝
24,675,2,-0.53,요리하기
58,236,2,0.24,수면 습관
85,678,3,-0.99,문제 풀이
44,761,4,0.23,웨이트 트레이닝
85,757,2,0.89,탁구
101,357,2,-0.9,독서
19,368,5,0.52,배드민턴
26,609,4,-0.7,외국어 공부
50,17,4,0.62,목표 설정
24,700,4,-0.94,달리기
68,108,2,-0.67,문제 풀이
26,304,2,0.63,테니스
90,666,1,-0.85,일기쓰기
24,405,3,0.01,배드민턴
41,357,1,-0.51,달리기
60,475,5,0.63,명상
80,595,4,-0.99,필라테스
95,757,4,0.59,댄스
25,472,3,-0.26,사진 찍기
115,339,2,0.66,목표 설정
43,352,1,-0.44,악기 연주
29,61,4,-0.72,독서
91,517,4,-0.26,코딩 연습
52,267,4,0.31,웨이트 트레이닝
76,440,2,-0.9,요가
31,697,4,-0.48,영화 감상
89,134,3,-0.01,문제 풀이
114,602,2,-0.59,목표 설정
43,352,2,0.31,농구
57,33,4,-0.45,클라이밍
75,50,5,-0.59,건강한 식사
61,432,1,0.3,농구
53,370,3,0.05,코딩 연습
84,332,4,0.49,독서
103,472,2,-0.19,요가
16,197,2,0.31,건강한 식사
17,106,3,0.52,축구
119,219,2,-0.8,건강한 식사
49,714,1,0.35,달리기
31,548,2,-0.47,사이클링
10,38,3,0.46,클라이밍
5,233,4,-0.98,테니스
97,139,4,0.04,독서
74,292,3,0.87,농구
103,368,5,0.23,건강한 식사
78,681,2,-0.51,사이클링
87,288,3,-0.16,게임
81,506,5,-0.93,명상
97,624,3,-0.07,사이클링
114,46,2,-0.35,테니스
46,282,1,-0.1,수면 습관
64,672,1,0.55,필라테스
46,20,1,-0.57,강의 듣기
42,55,1,0.58,사진 찍기
6,754,5,-0.65,필라테스
25,697,3,-0.34,클라이밍
18,300,4,0.89,독서
15,665,2,0.72,명상
17,272,4,0.72,물 많이 마시기
92,278,1,0.81,요가
66,443,1,0.33,요가
80,354,2,0.97,달리기
73,23,3,0.61,달리기
108,69,5,-0.82,그림 그리기
66,547,3,-0.38,사이클링
69,189,1,-0.31,웨이트 트레이닝
105,213,5,0.85,농구
42,91,1,0.3,농구
49,20,5,0.37,일기쓰기
13,315,1,0.61,물 많이 마시기
100,519,3,-0.25,줄넘기
44,756,1,0.09,독서
24,534,2,0.27,목표 설정
63,793,3,-0.62,스트레칭
92,650,5,0.13,요가
82,408,2,0.51,외국어 공부
54,715,1,0.69,농구
34,487,2,-0.9,영화 감상
37,79,5,0.38,건강한 식사
79,215,3,0.65,사이클링
40,544,1,-0.13,강의 듣기
76,783,2,-0.13,클라이밍
16,325,5,-0.36,배드민턴
23,225,3,-0.83,댄스
66,23,1,-0.45,배드민턴
29,193,1,0.97,건강한 식사
42,430,1,0.02,목표 설정
33,623,2,0.28,줄넘기
72,741,3,0.95,목표 설정
72,590,5,0.79,배드민턴
33,415,4,0.3,수영
19,388,4,0.94,코딩 연습
81,694,2,0.73,달리기
42,542,4,-0.69,스트레칭
81,274,5,-0.18,요리하기
51,151,1,0.82,물 많이 마시기
81,84,1,-0.07,수면 습관
66,693,3,-0.46,축구
109,162,4,1.0,웨이트 트레이닝
13,89,4,0.08,테니스
117,136,1,-0.96,플래너 작성
43,450,5,0.06,영화 감상
34,514,2,-0.04,명상
21,752,3,-0.13,줄넘기
101,316,2,-0.42,문제 풀이
35,539,5,0.31,수면 습관
100,537,1,0.36,코딩 연습
102,296,2,0.98,일기쓰기
18,257,2,-0.1,필라테스
21,762,2,-0.85,클라이밍
17,774,1,-0.11,클라이밍
117,732,3,0.54,영화 감상
58,13,5,0.19,댄스
55,492,3,0.19,웨이트 트레이닝
26,520,2,-0.35,축구
32,226,2,-0.86,코딩 연습
106,693,4,-0.07,명상
68,508,2,0.06,건강한 식사
20,587,1,-0.14,요리하기
70,584,5,-0.59,스트레칭
17,651,2,0.13,댄스
58,273,1,0.18,필라테스
18,589,5,0.85,독서
6,179,5,-0.84,스트레칭
91,296,2,-0.24,축구
71,484,3,0.11,달리기
67,113,2,0.07,코딩 연습
64,370,4,0.64,명상
107,490,3,-0.68,목표 설정
21,259,4,-0.78,스트레칭
39,619,4,-0.72,외국어 공부
59,620,1,-0.77,사진 찍기
59,141,4,-0.07,외국어 공부
97,132,3,-0.2,사이클링
79,569,2,-0.82,수면 습관
71,28,2,-0.9,영화 감상
45,457,2,0.19,게임
58,747,1,-0.77,배드민턴
55,363,3,0.38,축구
69,427,4,0.02,건강한 식사
32,709,1,-0.17,플래너 작성
105,401,3,-0.06,물 많이 마시기
46,538,2,0.93,사이클링
21,555,5,-0.82,게임
106,511,4,-0.6,게임
109,427,4,0.51,스트레칭
102,466,3,-0.66,건강한 식사
8,671,1,-0.14,농구
59,562,5,-0.35,플래너 작성
65,242,4,-0.46,건강한 식사
88,47,1,-0.97,목표 설정
100,112,4,0.11,농구
57,175,2,-0.86,코딩 연습
71,60,4,-0.75,영화 감상
35,80,3,-0.83,필라테스
67,519,1,0.29,축구
41,175,4,-0.5,요리하기
58,568,2,-0.21,클라이밍
115,767,5,-0.37,농구
76,355,4,-0.21,문제 풀이
16,275,2,-0.8,영화 감상
109,174,5,0.12,악기 연주
30,468,5,0.13,탁구
21,711,4,-0.2,그림 그리기
70,24,2,-0.57,영화 감상
111,677,4,-0.91,댄스
69,520,2,0.86,강의 듣기
109,43,5,-0.76,요리하기
43,438,3,0.77,그림 그리기
97,514,4,0.36,외국어 공부
102,91,5,0.88,줄넘기
67,429,1,-0.42,게임
102,360,5,0.53,스트레칭
115,765,3,0.28,농구
37,324,1,0.37,수영
116,447,3,-0.55,그림 그리기
52,35,4,-0.09,농구
72,744,1,0.36,스트레칭
45,298,1,0.55,외국어 공부
102,569,1,0.35,웨이트 트레이닝
40,48,2,0.3,댄스
74,408,4,0.22,영화 감상
60,693,2,0.86,문제 풀이
87,217,4,-0.34,목표 설정
84,642,3,0.07,플래너 작성
109,99,2,0.47,코딩 연습
65,625,3,0.81,배드민턴
55,631,5,-0.26,탁구
58,704,2,0.01,테니스
76,18,5,-0.68,강의 듣기
38,257,5,-0.3,클라이밍
35,455,4,0.03,줄넘기
48,133,3,0.82,요리하기
50,128,4,-0.12,요리하기
14,102,4,0.98,영화 감상
95,168,1,0.13,목표 설정
35,98,4,-0.06,테니스
80,698,1,-0.54,건강한 식사
116,788,4,0.33,농구
42,703,3,0.67,달리기
95,295,2,0.51,외국어 공부
114,190,3,0.29,일기쓰기
79,325,4,-0.21,플래너 작성
9,185,5,-0.24,달리기
45,266,2,-0.58,문제 풀이
117,58,1,-0.21,악기 연주
94,769,1,-0.06,외국어 공부
109,512,3,-0.04,건강한 식사
76,263,5,0.29,코딩 연습
116,358,4,0.85,요가
50,144,4,0.61,스트레칭
35,676,3,-0.29,요가
18,473,3,-0.09,클라이밍
87,148,4,0.67,요리하기
75,541,3,-0.28,탁구
13,388,5,-0.77,목표 설정
35,455,4,-0.77,댄스
21,533,3,0.17,클라이밍
112,46,3,0.17,강의 듣기
30,367,2,0.68,강의 듣기
32,489,4,-0.76,강의 듣기
59,413,4,0.31,필라테스
69,433,5,-0.79,요리하기
71,98,1,-0.23,요리하기
41,90,3,0.78,플래너 작성
87,541,1,-0.03,사이클링
111,661,1,0.15,목표 설정
80,156,1,-0.11,일기쓰기
74,95,4,0.69,물 많이 마시기
63,575,5,-0.73,명상
12,500,3,0.47,문제 풀이
54,493,2,0.66,수영
112,800,1,0.68,달리기
50,641,2,-0.71,그림 그리기
70,782,2,0.15,요가
35,585,1,0.52,외국어 공부
42,339,1,0.18,일기쓰기
8,656,5,-0.39,건강한 식사
85,179,4,-0.7,스트레칭
120,338,5,-0.37,요리하기
20,761,5,0.51,목표 설정
98,367,4,-0.52,명상
102,270,3,0.33,목표 설정
9,459,2,0.73,코딩 연습
78,229,3,-0.8,목표 설정
87,198,2,-0.3,수영
115,561,5,0.1,배드민턴
70,562,1,0.34,영화 감상
7,128,1,-0.68,외국어 공부
72,370,2,0.58,달리기
102,482,5,-0.99,수면 습관
112,370,5,0.42,사이클링
68,19,2,0.55,줄넘기
112,37,1,0.94,영화 감상
19,75,4,0.06,외국어 공부
99,191,1,0.78,클라이밍
81,730,4,0.07,달리기
83,595,5,-0.96,플래너 작성
112,194,4,-0.76,줄넘기
12,725,4,-0.58,건강한 식사
96,611,4,-0.34,독서
104,680,1,0.9,배드민턴
63,115,4,-0.81,외국어 공부
108,54,4,-0.01,악기 연주
62,40,2,0.5,코딩 연습
17,241,5,0.82,사진 찍기
41,594,2,0.98,축구
41,346,2,0.38,문제 풀이
96,105,1,0.11,건강한 식사
104,404,1,-0.43,요가
91,84,4,-0.28,수영
90,485,5,-0.55,클라이밍
68,258,3,-0.54,코딩 연습
19,709,2,0.62,탁구
118,672,4,-0.9,수영
71,648,1,0.23,목표 설정
39,737,2,-0.3,스트레칭
81,702,1,-0.09,클라이밍
70,46,1,0.21,코딩 연습
59,25,2,-0.21,배드민턴
11,211,1,-0.01,게임
32,590,2,-0.93,필라테스
30,470,2,0.31,배드민턴
10,245,2,-0.93,배드민턴
20,787,4,0.36,플래너 작성
120,389,4,-0.23,사진 찍기
76,94,3,-0.31,사진 찍기
50,81,2,-0.79,요리하기
11,227,4,-0.54,사진 찍기
18,387,5,0.55,게임
6,179,4,0.24,배드민턴
18,586,2,0.82,수영
110,315,1,-0.24,배드민턴
34,628,5,0.48,영화 감상
91,561,3,-0.16,게임
102,434,4,-0.22,사진 찍기
48,673,5,-0.04,요가
11,290,4,0.48,필라테스
105,730,1,0.04,외국어 공부
25,26,5,-0.81,축구
80,740,2,0.14,강의 듣기
34,658,5,-0.59,스트레칭
89,385,4,-0.13,일기쓰기
67,656,2,-0.6,요가
97,522,1,0.82,축구
67,243,3,-0.02,축구
45,771,3,0.55,필라테스
18,668,4,-0.39,일기쓰기
120,178,4,-0.01,수면 습관
85,568,2,-0.74,외국어 공부
61,511,4,-0.01,수영
9,674,2,0.81,코딩 연습
67,105,4,-0.58,사진 찍기
49,251,4,0.1,웨이트 트레이닝
18,343,4,0.38,문제 풀이
51,576,5,0.1,외국어 공부
99,48,4,0.59,일기쓰기
98,698,2,-0.67,영화 감상
71,241,4,0.71,외국어 공부
7,662,4,-0.4,농구
12,101,1,0.12,댄스
91,38,1,-0.94,문제 풀이
46,378,5,-0.4,물 많이 마시기
16,444,4,-0.72,물 많이 마시기
72,628,4,0.41,줄넘기
6,114,1,-0.98,배드민턴
48,87,3,0.53,수면 습관
101,567,2,0.44,탁구
24,287,3,0.17,강의 듣기
68,439,1,-0.36,농구
94,743,3,-0.72,축구
79,662,2,-0.83,코딩 연습
20,566,5,0.01,탁구
71,745,2,0.21,테니스
39,725,1,-0.05,농구
32,292,5,-0.75,명상
15,103,2,-0.26,댄스
66,794,1,-0.84,플래너 작성
100,493,3,0.21,그림 그리기
46,559,1,-0.05,수면 습관
69,121,4,0.34,코딩 연습
97,344,1,0.16,수면 습관
54,556,3,0.69,달리기
61,91,4,0.17,요가
58,727,1,-0.47,독서
35,246,1,0.34,테니스
76,362,1,-0.75,코딩 연습
79,88,5,0.51,독서
68,701,3,0.65,그림 그리기
71,54,2,0.88,클라이밍
15,264,4,-0.01,코딩 연습
105,609,2,-0.62,사이클링
68,600,3,-0.91,영화 감상
104,105,2,0.55,강의 듣기
110,36,1,-0.59,클라이밍
93,48,3,0.73,명상
74,598,1,0.0,사진 찍기
103,586,3,-0.49,물 많이 마시기
24,701,2,0.63,목표 설정
76,76,4,0.53,요가
32,766,5,0.55,플래너 작성
17,336,1,-0.61,클라이밍
104,328,2,-0.95,일기쓰기
76,520,5,0.98,문제 풀이
105,279,1,-0.99,탁구
17,202,4,-0.22,축구
9,164,5,0.57,필라테스
104,145,4,0.16,문제 풀이
112,383,2,-0.54,필라테스
27,717,2,0.62,건강한 식사
101,363,5,-0.56,요가
67,418,4,0.77,명상
41,45,3,-0.62,플래너 작성
73,584,3,-0.96,사진 찍기
43,486,1,0.66,축구
82,786,4,-0.67,테니스
41,521,4,0.59,스트레칭
79,175,4,-0.64,물 많이 마시기
64,226,2,0.92,줄넘기
56,231,4,0.32,외국어 공부
53,50,3,-1.0,게임
6,152,1,-0.86,줄넘기
116,75,5,0.81,댄스
64,768,3,0.47,스트레칭
120,273,1,0.46,플래너 작성
12,290,2,-0.47,수면 습관
31,459,3,0.71,명상
23,197,5,-0.4,사진 찍기
111,643,5,-0.67,농구
40,211,3,-0.04,배드민턴
100,557,3,-0.21,클라이밍
7,291,2,0.13,줄넘기
91,434,5,-0.11,문제 풀이
119,351,3,-0.19,영화 감상
51,705,4,-0.1,스트레칭
33,24,1,0.63,줄넘기
18,543,5,0.23,그림 그리기
8,731,2,-0.08,강의 듣기
56,530,3,0.1,그림 그리기
73,103,3,-0.37,배드민턴
92,798,5,-0.47,문제 풀이
68,350,3,0.06,문제 풀이
8,582,5,-0.85,달리기
43,71,2,0.48,일기쓰기
102,746,3,0.66,독서
13,201,5,-0.01,목표 설정
31,528,5,-0.92,영화 감상
30,413,1,0.38,축구
111,389,2,-0.59,테니스
16,379,5,-0.18,독서
71,541,1,0.55,독서
51,400,1,-0.82,달리기
8,220,5,0.1,댄스
16,707,2,0.38,독서
103,580,3,0.75,요가
53,643,1,-0.53,건강한 식사
40,406,3,0.2,명상
119,418,2,-0.97,악기 연주
112,418,3,-0.91,축구
20,731,3,0.31,스트레칭
40,622,3,-0.05,스트레칭
42,248,1,-0.26,강의 듣기
81,615,4,0.97,댄스
117,38,5,-0.42,요가
72,42,4,-0.32,영화 감상
93,700,1,-0.96,문제 풀이
96,586,3,-0.33,줄넘기
117,717,5,0.88,영화 감상
86,724,5,-0.05,스트레칭
46,120,5,0.76,요가
37,792,1,-0.84,그림 그리기
60,638,3,-0.91,플래너 작성
29,483,1,-0.44,그림 그리기
59,567,4,0.06,스트레칭
86,622,5,0.75,그림 그리기
69,517,2,-0.16,문제 풀이
60,453,2,-0.65,영화 감상
76,174,5,0.83,강의 듣기
20,435,5,-0.15,웨이트 트레이닝
21,603,4,-0.94,일기쓰기
45,106,5,0.55,건강한 식사
51,128,2,-0.54,테니스
101,590,4,-0.85,테니스
93,70,4,0.77,게임
7,134,2,0.2,필라테스
110,644,4,0.05,외국어 공부
14,464,3,0.39,명상
25,465,3,-0.42,사진 찍기
17,582,3,0.56,사진 찍기
20,440,4,0.83,필라테스
44,415,3,0.07,영화 감상
84,647,4,0.86,독서
108,326,4,0.19,스트레칭
69,207,1,-0.75,코딩 연습
81,739,3,-0.96,외국어 공부
28,35,5,0.78,물 많이 마시기
95,458,4,0.51,문제 풀이
100,593,3,-0.58,코딩 연습
49,764,2,0.99,달리기
9,103,5,0.47,댄스
31,507,2,-0.35,게임
13,429,3,-0.42,강의 듣기
65,81,3,0.83,악기 연주
58,193,3,-0.22,문제 풀이
116,446,3,-0.55,물 많이 마시기
11,277,4,0.99,필라테스
51,150,1,-0.47,외국어 공부
95,151,4,-0.76,그림 그리기
109,476,4,-0.73,코딩 연습
56,697,1,0.4,사이클링
55,41,5,-0.75,수영
66,444,1,-0.33,축구
11,613,4,0.55,영화 감상
82,141,5,-0.2,코딩 연습
80,376,3,-0.85,댄스
99,652,4,0.06,농구
61,198,5,-0.29,코딩 연습
62,391,1,-0.04,탁구
81,566,3,-0.46,요가
12,181,5,0.02,코딩 연습
76,687,5,-0.92,수면 습관
111,84,3,0.18,농구
19,573,1,0.73,사진 찍기
60,735,3,0.43,수면 습관
113,789,1,-0.87,달리기
95,269,5,-0.32,줄넘기
26,746,4,0.99,사이클링
103,160,1,-0.44,물 많이 마시기
112,456,1,-0.25,독서
42,653,1,0.72,외국어 공부
97,436,4,-0.76,필라테스
62,756,4,-0.87,줄넘기
67,559,3,-0.75,명상
20,773,2,-0.21,게임
97,355,2,0.25,축구
81,687,2,0.85,클라이밍
29,634,2,-0.01,요가
101,668,5,0.83,건강한 식사
77,226,2,-0.49,테니스
114,599,5,0.51,악기 연주
59,688,4,-0.06,탁구
13,53,3,0.34,일기쓰기
101,646,4,-0.54,테니스
24,461,1,-0.04,달리기
91,779,1,-0.19,필라테스
29,177,1,0.36,강의 듣기
81,109,1,0.3,탁구
46,521,2,-0.34,목표 설정
63,357,1,0.23,클라이밍
54,597,4,-0.07,독서
37,521,3,-0.42,영화 감상
5,351,2,0.24,테니스
93,553,4,-0.83,그림 그리기
56,644,3,-0.92,수영
88,675,4,-0.53,그림 그리기
29,190,1,-0.82,물 많이 마시기
103,727,5,-0.35,게임
34,270,3,0.46,외국어 공부
27,151,1,-0.83,축구
50,234,2,0.46,탁구
99,144,3,0.07,클라이밍
35,533,5,0.73,축구
97,457,1,-0.76,탁구
69,428,3,0.01,독서
9,167,3,0.5,사이클링
37,582,4,-0.06,달리기
54,40,3,-0.57,클라이밍
49,696,4,-0.04,영화 감상
64,66,4,-0.17,그림 그리기
47,752,3,0.59,요가
38,626,1,0.41,사진 찍기
38,715,4,-0.85,테니스
70,611,1,0.92,수영
43,209,5,0.27,일기쓰기
66,40,5,0.35,농구
29,206,5,0.55,수면 습관
37,113,5,0.14,게임
11,372,3,-0.17,외국어 공부
8,379,3,-0.75,그림 그리기
94,609,2,-0.62,배드민턴
101,727,2,-0.38,악기 연주
82,788,3,-0.55,코딩 연습
76,260,1,0.1,클라이밍
111,49,1,-0.96,게임
40,91,4,0.36,물 많이 마시기
113,201,4,0.02,목표 설정
72,46,5,-0.52,영화 감상
62,22,1,-0.35,일기쓰기
31,210,4,-0.77,수영
64,550,1,0.34,필라테스
15,57,2,-0.21,플래너 작성
92,227,5,0.53,일기쓰기
40,537,2,-0.91,달리기
17,736,2,-0.93,댄스
117,288,4,-0.8,강의 듣기
23,483,4,-0.93,사이클링
44,143,5,-0.91,달리기
94,620,4,-0.46,요리하기
41,619,3,-0.53,달리기
109,629,3,-0.11,탁구
72,517,3,0.99,사이클링
39,304,1,-0.2,악기 연주
114,654,2,-0.16,축구
28,602,2,-0.48,댄스
65,639,1,0.83,수영
15,479,5,0.33,줄넘기
112,328,3,-0.3,일기쓰기
110,197,5,0.1,코딩 연습
67,500,1,-0.55,외국어 공부
55,682,1,-1.0,수면 습관
51,603,3,-0.44,게임
55,63,4,0.84,명상
42,159,1,0.0,줄넘기
84,610,3,0.07,강의 듣기
74,605,3,-0.81,요가
30,542,1,0.7,수면 습관
89,59,1,-0.24,건강한 식사
6,234,4,-0.01,강의 듣기
109,748,4,0.82,악기 연주
66,446,1,0.62,농구
33,774,5,0.15,농구
52,394,2,0.6,축구
100,729,3,0.59,영화 감상
87,359,5,0.79,클라이밍
56,618,1,0.58,영화 감상
79,16,1,0.82,외국어 공부
44,242,2,-0.06,일기쓰기
26,385,4,0.83,건강한 식사
77,320,3,1.0,달리기
71,422,5,0.41,스트레칭
14,337,3,-0.3,문제 풀이
76,138,3,0.92,요리하기
115,480,5,-0.58,영화 감상
40,403,4,-0.55,스트레칭
95,338,3,-0.45,사진 찍기
58,592,4,-0.52,게임
67,243,4,-0.42,사진 찍기
70,34,3,-0.37,외국어 공부
32,279,5,0.37,플래너 작성
44,474,5,-0.28,영화 감상
6,752,3,0.19,목표 설정
35,181,3,0.79,명상
90,246,2,0.84,줄넘기
18,541,5,0.83,명상
52,305,2,-0.93,외국어 공부
18,555,1,0.68,플래너 작성
65,473,3,0.7,요리하기
20,51,3,0.77,배드민턴
39,514,3,-0.59,건강한 식사
73,387,2,-0.68,줄넘기
113,97,5,-0.56,사이클링
85,644,3,-0.87,일기쓰기
118,456,5,-0.25,요가
42,50,2,0.37,배드민턴
34,337,1,-0.51,물 많이 마시기
57,431,2,0.1,줄넘기
9,740,5,-0.89,수영
94,305,4,0.16,축구
6,551,1,0.91,필라테스
53,736,4,0.91,농구
93,253,3,-0.86,테니스
39,169,2,0.27,코딩 연습
28,717,3,0.37,플래너 작성
76,604,2,0.43,클라이밍
81,11,5,0.99,배드민턴
54,656,3,-0.29,줄넘기
36,230,2,0.7,요가
80,686,2,0.47,사이클링
108,342,3,0.86,게임
72,366,5,-0.7,물 많이 마시기
49,63,5,0.68,달리기
34,411,5,0.4,클라이밍
57,265,2,0.36,테니스
52,618,5,-0.25,탁구
43,304,4,0.97,웨이트 트레이닝
66,58,5,-0.59,요가
74,167,5,0.8,외국어 공부
37,16,5,-0.13,플래너 작성
72,755,1,0.13,강의 듣기
105,377,3,0.24,사이클링
66,77,1,-0.26,웨이트 트레이닝
28,369,5,0.79,축구
23,736,4,-0.52,웨이트 트레이닝
35,693,1,-0.37,요리하기
107,90,2,0.53,댄스
52,186,2,-0.52,클라이밍
81,508,2,-0.92,그림 그리기
34,408,1,-0.83,배드민턴
74,30,2,0.03,명상
5,432,3,-0.37,필라테스
94,764,5,-0.32,악기 연주
58,769,3,0.5,독서
103,748,4,-0.13,강의 듣기
47,306,4,-0.56,댄스
34,151,3,-0.95,플래너 작성
29,406,1,0.02,스트레칭
76,686,2,-0.77,클라이밍
85,493,3,0.53,게임
32,333,4,0.32,목표 설정
114,422,3,-0.33,강의 듣기
55,527,5,0.1,문제 풀이
60,611,2,-0.52,요리하기
42,767,1,-0.22,달리기
29,353,4,-0.08,목표 설정
23,294,1,-0.38,독서
101,538,3,-0.78,테니스
6,522,1,0.16,사이클링
112,17,5,0.26,물 많이 마시기
96,631,1,-0.83,일기쓰기
105,276,2,-0.3,농구
27,290,4,0.18,물 많이 마시기
88,564,3,0.24,일기쓰기
74,554,1,-0.52,사이클링
14,19,5,0.51,악기 연주
63,695,5,-0.38,코딩 연습
79,231,4,0.59,농구
65,419,3,0.64,영화 감상
32,607,5,0.5,수면 습관
87,349,4,-0.89,게임
110,12,2,-0.24,사진 찍기
81,393,3,-0.59,그림 그리기
57,603,3,-0.66,강의 듣기
23,683,2,-0.74,게임
64,433,2,0.16,문제 풀이
6,423,1,0.58,강의 듣기
9,602,3,0.73,일기쓰기
119,49,4,-0.94,물 많이 마시기
107,519,4,0.48,필라테스
33,416,2,-0.97,스트레칭
53,229,4,-0.78,테니스
44,635,4,-0.64,줄넘기
112,394,5,0.22,악기 연주
85,603,4,0.2,테니스
33,274,2,0.26,강의 듣기
102,613,5,0.19,스트레칭
101,515,3,-0.61,악기 연주
84,22,3,0.76,탁구
64,80,4,-0.93,축구
64,100,3,0.62,일기쓰기
14,111,1,0.61,웨이트 트레이닝
77,331,4,0.59,배드민턴
47,83,5,0.8,사이클링
60,635,3,0.32,댄스
75,602,2,-0.36,코딩 연습
42,40,1,0.75,문제 풀이
45,252,4,-0.85,그림 그리기
104,458,5,0.89,사이클링
24,441,3,-0.97,그림 그리기
90,29,5,0.14,클라이밍
95,396,3,-0.36,수면 습관
120,127,3,-0.62,그림 그리기
87,23,2,-0.58,수면 습관
75,318,4,0.42,건강한 식사
28,12,1,0.57,영화 감상
114,285,4,-0.65,독서
29,600,4,-0.48,테니스
58,168,3,0.05,탁구
118,31,5,-0.97,수영
9,770,3,-0.88,문제 풀이
44,41,5,-0.85,줄넘기
79,731,5,0.57,목표 설정
95,648,4,-0.67,농구
63,438,4,-0.97,요리하기
67,432,2,0.2,일기쓰기
58,728,5,-0.03,필라테스
58,718,2,0.28,달리기
39,303,4,-0.84,영화 감상
48,716,5,0.31,웨이트 트레이닝
81,279,1,0.84,테니스
117,728,5,0.61,사진 찍기
57,714,3,0.42,게임
46,24,4,0.74,줄넘기
118,295,3,0.75,문제 풀이
67,786,1,0.45,건강한 식사
81,333,5,0.04,요가
7,620,4,-0.23,수면 습관
81,420,2,-0.98,스트레칭
65,106,4,0.71,스트레칭
107,117,2,0.77,일기쓰기
7,766,2,-0.79,플래너 작성
28,466,2,0.27,플래너 작성
19,759,3,-0.53,웨이트 트레이닝
92,393,4,-0.72,명상
26,419,2,-0.13,사진 찍기
99,364,2,-0.42,문제 풀이
55,21,3,-0.75,수면 습관
49,371,2,0.8,플래너 작성
71,533,2,-0.39,강의 듣기
29,80,3,0.65,코딩 연습
48,439,4,-0.51,그림 그리기
56,287,5,0.23,클라이밍
82,311,1,0.43,목표 설정
28,52,3,-0.29,달리기
20,538,5,-0.24,테니스
107,105,2,-0.68,클라이밍
25,617,2,0.59,게임
23,460,3,0.39,필라테스
83,676,3,-0.83,수영
61,140,4,-0.26,명상
41,515,5,0.55,명상
36,362,2,0.84,수영
32,418,5,-0.84,코딩 연습
109,601,5,0.86,악기 연주
62,641,4,0.07,건강한 식사
39,305,1,0.89,문제 풀이
31,600,2,0.29,문제 풀이
96,137,1,-0.12,악기 연주
70,291,4,0.95,독서
47,536,4,0.14,그림 그리기
19,56,2,-0.27,일기쓰기
7,646,3,0.7,스트레칭
30,161,1,0.54,명상
74,606,2,0.63,수면 습관
68,143,5,-0.9,스트레칭
68,655,5,0.37,외국어 공부
90,126,4,0.57,요리하기
32,325,1,-0.26,수면 습관
114,212,2,0.41,코딩 연습
34,29,1,-0.38,건강한 식사
8,416,5,-0.62,필라테스
20,655,2,0.21,영화 감상
85,703,4,-0.15,물 많이 마시기
111,217,4,0.77,테니스
106,379,5,-0.19,클라이밍
10,602,4,0.37,일기쓰기
90,542,3,0.72,탁구
55,526,3,0.31,테니스
58,771,5,0.5,농구
12,646,3,-0.86,농구
14,87,4,-0.15,사진 찍기
104,468,1,-0.4,스트레칭
46,417,3,-0.51,영화 감상
86,654,5,0.84,농구
38,655,5,0.15,요리하기
7,388,3,-0.75,스트레칭
29,290,2,0.04,요가
107,501,1,-0.01,일기쓰기
120,751,2,-0.01,배드민턴
94,607,4,-0.33,플래너 작성
38,626,3,0.49,달리기
68,490,5,-0.04,사진 찍기
100,113,1,-0.16,목표 설정
72,332,3,-0.94,배드민턴
97,169,3,-0.69,그림 그리기
96,72,4,-0.85,외국어 공부
103,376,5,0.1,농구
66,205,3,0.14,영화 감상
44,766,3,0.23,영화 감상
60,388,5,0.5,코딩 연습
39,506,2,-0.87,필라테스
30,711,3,-0.61,수영
95,562,5,-0.15,악기 연주
10,592,2,-0.5,코딩 연습
17,373,3,-0.67,물 많이 마시기
94,24,1,0.01,댄스
35,61,3,0.56,게임
50,370,5,-0.73,수면 습관
73,444,4,-0.43,댄스
117,591,3,-0.91,문제 풀이
67,261,2,-0.98,요가
56,136,3,0.53,수영
65,31,3,0.17,사이클링
66,287,2,-0.8,목표 설정
40,54,2,-0.01,웨이트 트레이닝
31,624,4,-0.99,사진 찍기
86,749,1,-0.18,탁구
14,392,2,-0.83,그림 그리기
41,561,1,0.31,필라테스
38,89,5,-0.52,명상
90,499,2,-0.49,줄넘기
38,734,5,-0.43,요가
73,114,3,-0.3,클라이밍
19,183,1,-0.46,악기 연주
32,736,1,0.1,코딩 연습
75,637,3,0.55,수면 습관
53,244,2,0.75,수면 습관
111,123,2,-0.22,외국어 공부
72,689,4,-0.09,물 많이 마시기
69,356,1,-0.09,배드민턴
5,376,2,-0.95,요리하기
87,202,4,0.39,달리기
61,288,3,-1.0,영화 감상
89,679,5,-0.25,외국어 공부
82,210,4,-0.38,테니스
89,461,1,-0.98,일기쓰기
40,19,3,-0.44,악기 연주
104,419,3,0.91,그림 그리기
61,44,5,0.71,탁구
70,272,5,-0.82,필라테스
103,498,4,-0.5,코딩 연습
69,48,1,0.65,그림 그리기
43,37,5,-0.36,사이클링
114,319,1,0.6,테니스
76,666,3,-0.97,게임
54,529,5,-0.61,농구
22,786,1,-0.91,문제 풀이
86,40,5,0.05,수영
9,513,2,0.41,외국어 공부
51,753,5,-0.76,축구
97,111,3,-0.07,문제 풀이
119,338,5,0.14,수면 습관
60,189,5,-0.78,수영
8,139,5,-0.62,명상
58,325,5,0.64,테니스
41,789,5,-0.7,클라이밍
76,41,3,0.51,줄넘기
49,411,2,-0.1,필라테스
20,442,3,-0.46,축구
65,440,5,-0.9,요리하기
100,175,4,-0.42,건강한 식사
8,251,1,0.95,달리기
115,254,3,-0.61,일기쓰기
73,669,3,0.28,일기쓰기
36,355,4,0.74,수영
52,253,1,-0.0,게임
110,219,2,0.17,독서
43,336,1,-0.93,일기쓰기
33,17,4,0.83,웨이트 트레이닝
64,349,4,0.31,영화 감상
111,61,1,-0.78,독서
75,420,1,0.76,수면 습관
58,464,5,0.08,수면 습관
31,526,3,-0.81,스트레칭
27,659,1,-0.58,달리기
13,678,3,-0.81,축구
67,132,3,-0.65,수면 습관
85,100,1,0.06,스트레칭
104,72,3,0.91,스트레칭
7,343,1,-0.74,플래너 작성
20,631,5,0.88,악기 연주
28,193,2,-0.83,악기 연주
59,53,2,0.93,배드민턴
106,291,1,0.79,영화 감상
55,131,5,-0.01,필라테스
24,118,3,0.98,건강한 식사
94,509,1,-0.26,필라테스
112,514,2,0.41,악기 연주
88,153,4,0.65,목표 설정
116,354,3,-0.01,웨이트 트레이닝
101,214,2,-0.01,수영
5,577,1,0.87,줄넘기
100,680,5,-0.05,농구
58,686,3,-0.33,게임
94,42,1,0.07,배드민턴
83,328,5,-0.96,달리기
80,646,4,-0.78,축구
8,76,5,-0.84,물 많이 마시기
73,511,4,-0.31,탁구
34,605,2,-0.37,수면 습관
22,789,2,-0.44,요가
12,154,3,0.6,외국어 공부
14,214,2,0.05,댄스
11,685,2,-0.36,명상
54,372,1,-0.92,스트레칭
103,784,5,-0.44,악기 연주
50,225,2,-0.41,필라테스
27,459,1,0.69,악기 연주
67,312,3,-0.04,수영
85,339,2,0.6,요리하기
71,391,2,-0.52,게임
66,46,1,0.58,외국어 공부
103,430,1,0.35,축구
23,134,3,0.36,줄넘기
36,579,4,0.35,사이클링
111,165,4,-0.68,배드민턴
120,65,3,-0.79,요가
79,705,3,0.14,수영
31,561,3,0.33,요가
106,182,3,-0.78,테니스
42,542,4,0.23,게임
120,42,1,0.78,탁구
99,646,3,-0.23,요가
93,501,5,0.41,코딩 연습
110,86,4,-0.73,목표 설정
100,752,2,0.58,일기쓰기
53,648,2,-0.98,스트레칭
31,515,3,0.75,독서
48,368,2,-0.41,게임
59,453,4,0.98,사진 찍기
75,86,2,-0.85,사진 찍기
77,276,3,0.94,독서
61,646,4,-0.57,목표 설정
63,143,5,0.34,탁구
57,415,2,-0.16,웨이트 트레이닝
33,684,2,-0.11,코딩 연습
43,644,4,0.92,일기쓰기
37,499,1,0.04,댄스
39,286,1,-0.14,목표 설정
6,410,2,-0.02,강의 듣기
5,79,4,-0.46,수면 습관
112,632,3,0.71,외국어 공부
106,217,5,0.8,축구
113,338,3,0.32,강의 듣기
78,85,5,0.52,독서
55,778,3,-0.23,영화 감상
70,271,1,0.55,물 많이 마시기
61,553,4,-0.47,코딩 연습
71,322,3,-0.29,스트레칭
62,396,2,0.91,악기 연주
58,790,1,-0.53,물 많이 마시기
33,345,3,-0.49,댄스
92,84,2,-0.25,그림 그리기
64,382,2,0.47,명상
115,767,4,-0.35,게임
80,367,2,-0.86,달리기
67,239,2,0.83,악기 연주
15,149,5,0.24,코딩 연습
108,684,5,-0.1,필라테스
46,368,2,0.42,탁구
14,74,5,0.47,악기 연주
93,195,5,0.82,테니스
66,162,5,-0.68,그림 그리기
79,109,4,0.76,테니스
97,232,2,0.8,일기쓰기
92,173,2,-0.27,명상
52,55,4,0.79,테니스
70,545,4,-0.81,그림 그리기
80,738,3,-0.96,요가
72,561,5,0.59,건강한 식사
71,17,4,0.81,명상
60,209,5,0.71,문제 풀이
45,471,2,0.27,사진 찍기
93,165,5,0.43,배드민턴
27,524,4,-0.66,달리기
46,468,1,-0.07,사진 찍기
51,67,3,-0.45,그림 그리기
23,659,5,0.14,그림 그리기
50,232,5,-0.2,배드민턴
102,306,5,-0.62,외국어 공부
7,765,3,-0.42,배드민턴
6,610,5,-0.31,스트레칭
37,256,5,-0.72,강의 듣기
50,191,3,0.07,웨이트 트레이닝
82,769,5,0.29,그림 그리기
80,160,1,0.96,플래너 작성
113,358,5,0.96,사진 찍기
109,454,5,-0.23,물 많이 마시기
99,419,2,-0.37,코딩 연습
30,252,4,1.0,문제 풀이
77,626,3,0.38,필라테스
8,541,5,0.31,농구
99,278,2,0.11,명상
55,732,5,0.39,달리기
116,74,3,-0.55,클라이밍
47,222,2,-0.7,스트레칭
75,123,4,0.19,그림 그리기
53,68,3,0.61,목표 설정
66,699,1,0.39,물 많이 마시기
88,579,2,0.42,축구
34,647,3,0.75,영화 감상
23,700,2,-0.61,그림 그리기
75,728,5,-0.47,플래너 작성
26,205,3,0.87,사이클링
54,497,2,0.13,테니스
58,191,4,0.41,배드민턴
32,510,2,-0.63,목표 설정
77,358,5,-0.7,외국어 공부
115,478,3,-0.58,수면 습관
49,489,3,0.12,그림 그리기
34,311,4,0.76,외국어 공부
101,533,4,-0.72,문제 풀이
45,790,4,0.24,탁구
32,266,4,0.76,댄스
80,322,3,-0.63,스트레칭
84,295,3,0.24,독서
93,421,3,0.42,클라이밍
77,207,2,-0.96,외국어 공부
41,723,5,-0.6,클라이밍
68,284,4,-0.02,배드민턴
42,79,1,0.16,줄넘기
58,419,3,-0.6,물 많이 마시기
57,432,1,0.02,문제 풀이
44,442,3,0.41,클라이밍
59,109,5,0.01,요리하기
98,774,4,0.2,달리기
65,701,1,0.95,수영
112,323,2,0.08,달리기
90,56,3,-0.77,댄스
23,449,2,0.94,문제 풀이
78,390,3,0.84,악기 연주
30,10,3,0.83,웨이트 트레이닝
35,442,3,0.12,게임
93,245,3,0.86,명상
52,369,4,-0.5,플래너 작성
89,610,4,-0.69,코딩 연습
101,676,4,0.01,일기쓰기
81,571,1,0.52,탁구
119,221,4,0.29,농구
20,263,5,0.79,플래너 작성
104,786,3,-0.25,코딩 연습
18,789,4,-0.2,목표 설정
84,705,5,0.57,일기쓰기
59,640,4,-0.47,문제 풀이
46,419,1,0.82,사진 찍기
28,487,4,0.16,배드민턴
106,419,2,-0.15,요가
7,53,3,-0.15,클라이밍
48,17,3,-0.73,게임
55,334,3,-0.71,테니스
45,365,2,-0.05,일기쓰기
55,232,3,0.22,줄넘기
56,395,4,0.44,배드민턴
79,30,3,0.84,클라이밍
102,393,1,-0.43,필라테스
96,675,5,-0.51,댄스
79,281,4,0.46,축구
19,502,4,-0.52,배드민턴
98,296,1,0.0,영화 감상
75,88,1,-0.52,그림 그리기
110,718,5,-0.4,그림 그리기
26,794,2,-0.82,축구
102,115,1,0.69,코딩 연습
45,221,1,0.67,클라이밍
73,470,3,-0.49,요가
110,643,2,0.36,탁구
47,638,4,0.43,외국어 공부
87,565,3,-0.06,축구
104,376,4,0.64,축구
102,613,3,-0.48,클라이밍
117,218,5,0.09,악기 연주
32,795,4,0.17,달리기
37,470,2,-0.06,게임
111,288,4,-0.22,강의 듣기
50,268,1,0.78,스트레칭
110,491,5,-1.0,수면 습관
109,382,2,-0.56,코딩 연습
86,740,2,0.36,악기 연주
98,622,4,0.6,사이클링
47,538,5,0.76,영화 감상
97,508,1,-0.71,달리기
13,40,3,0.33,농구
40,212,1,-0.94,그림 그리기
28,18,5,-0.39,플래너 작성
71,611,3,-0.79,탁구
84,781,4,-0.15,줄넘기
9,67,1,0.28,그림 그리기
88,623,2,0.13,플래너 작성
34,396,3,0.19,사진 찍기
39,776,5,0.54,달리기
73,72,2,-0.88,악기 연주
49,599,3,0.31,건강한 식사
112,243,5,-0.35,댄스
7,772,3,-0.64,코딩 연습
94,217,2,0.82,물 많이 마시기
6,625,1,0.31,수면 습관
8,269,2,0.02,탁구
96,335,5,0.51,건강한 식사
11,753,2,-0.35,독서
33,419,2,0.87,클라이밍
34,434,1,-0.94,강의 듣기
7,551,1,0.43,플래너 작성
46,79,5,0.4,독서
99,549,1,-0.75,웨이트 트레이닝
71,660,5,0.16,게임
98,596,3,-0.73,농구
27,325,2,0.01,댄스
65,83,3,0.62,배드민턴
5,626,2,0.13,물 많이 마시기
101,294,4,0.78,외국어 공부
29,104,2,0.18,건강한 식사
46,371,3,0.78,수영
68,300,1,0.39,문제 풀이
111,666,1,-0.64,줄넘기
76,159,1,0.53,명상
55,114,5,-0.95,테니스
31,259,4,0.46,사진 찍기
48,740,5,0.42,악기 연주
70,563,2,0.91,사이클링
15,746,3,0.45,농구
53,26,1,-0.83,댄스
73,272,1,0.38,클라이밍
32,453,4,0.93,요가
78,616,2,-0.04,일기쓰기
35,443,5,0.24,수면 습관
18,350,1,-0.24,농구
56,549,1,-0.21,필라테스
100,431,3,-0.37,영화 감상
25,783,1,0.74,게임
49,89,2,0.42,농구
30,29,4,0.9,스트레칭
56,392,3,0.57,웨이트 트레이닝
99,691,4,-0.66,목표 설정
60,789,3,-0.37,달리기
61,259,1,0.15,요가
103,351,1,0.22,스트레칭
60,297,2,-0.49,플래너 작성
78,632,2,0.82,게임
15,743,2,0.11,스트레칭
16,280,1,-0.68,일기쓰기
34,103,5,-0.76,클라이밍
49,250,5,0.32,건강한 식사
21,90,4,-0.91,그림 그리기
8,795,2,0.26,물 많이 마시기
87,29,5,-0.65,요리하기
101,775,3,-0.55,필라테스
113,318,5,-0.83,클라이밍
60,238,2,-0.44,일기쓰기
7,118,5,-0.45,필라테스
15,672,4,-0.96,건강한 식사
34,591,3,0.51,강의 듣기
51,360,2,0.77,웨이트 트레이닝
102,258,4,-0.16,테니스
89,195,1,0.19,영화 감상
88,191,4,-0.0,축구
11,502,2,-0.82,독서
73,581,4,0.79,축구
67,746,5,0.85,필라테스
50,129,3,0.03,일기쓰기
27,736,4,0.66,게임
42,16,5,0.94,독서
36,530,5,-0.4,배드민턴
85,394,1,-0.81,일기쓰기
90,716,5,0.07,플래너 작성
60,562,2,-0.08,강의 듣기
27,350,1,0.11,문제 풀이
68,252,1,0.38,영화 감상
50,467,4,-0.61,사이클링
10,150,4,-0.84,웨이트 트레이닝
85,92,1,-0.63,스트레칭
13,444,5,-0.32,강의 듣기
26,214,5,-0.47,농구
41,337,1,0.11,그림 그리기
117,786,2,-0.44,플래너 작성
89,167,1,0.01,줄넘기
74,444,5,0.43,일기쓰기
41,431,5,0.73,요리하기
57,625,1,0.35,필라테스
107,416,5,-0.65,코딩 연습
22,777,2,-0.31,웨이트 트레이닝
91,125,3,1.0,외국어 공부
79,269,4,0.48,테니스
110,666,4,-0.08,목표 설정
22,713,4,-0.95,댄스
5,705,2,0.92,필라테스
82,710,2,0.6,건강한 식사
7,249,4,-0.58,웨이트 트레이닝
19,542,3,-0.88,플래너 작성
48,113,1,0.77,명상
103,543,3,-0.35,일기쓰기
76,133,4,-0.49,수영
115,317,3,-0.66,달리기
76,104,4,0.74,외국어 공부
27,760,5,0.71,일기쓰기
43,282,3,0.37,수영
73,427,5,0.68,요리하기
60,139,5,-0.18,영화 감상
66,440,3,0.87,영화 감상
7,350,4,-0.8,요리하기
111,369,2,0.51,악기 연주
93,475,5,0.82,댄스
37,755,4,0.62,독서
62,701,5,-0.64,명상
111,409,2,0.34,필라테스
92,552,5,-0.83,클라이밍
10,525,5,0.94,웨이트 트레이닝
78,444,3,0.43,배드민턴
52,759,1,0.8,독서
23,314,1,0.97,달리기
63,281,1,0.1,사이클링
30,120,2,0.7,플래너 작성
28,650,1,0.47,문제 풀이
7,779,4,0.86,악기 연주
21,105,5,-0.79,요가
116,371,1,0.96,클라이밍
64,770,5,-0.97,달리기
112,224,3,0.69,영화 감상
36,205,1,0.55,명상
115,426,5,-0.76,스트레칭
13,216,3,-0.13,그림 그리기
87,423,5,0.17,그림 그리기
49,351,2,-0.9,웨이트 트레이닝
105,339,3,-0.94,요가
51,529,4,0.8,목표 설정
120,128,3,0.88,사이클링
5,763,2,0.05,줄넘기
71,397,3,-0.09,악기 연주
64,273,1,0.7,물 많이 마시기
27,266,2,-0.53,사진 찍기
96,701,5,0.51,달리기
51,334,4,-0.48,배드민턴
30,624,3,-0.79,명상
19,581,3,0.15,테니스
60,786,2,-0.1,일기쓰기
99,559,4,0.8,강의 듣기
17,624,4,-0.59,댄스
93,697,3,0.89,축구
94,299,3,-0.31,요가
100,339,2,0.71,독서
40,726,1,0.81,웨이트 트레이닝
18,677,3,0.28,외국어 공부
44,127,4,-0.75,달리기
50,269,4,0.48,코딩 연습
17,565,5,-0.38,요가
41,34,4,0.75,스트레칭
33,117,3,0.76,영화 감상
39,161,1,-0.17,요가
30,487,4,0.38,독서
51,73,2,-0.57,악기 연주
95,78,5,0.24,일기쓰기
87,92,4,-0.83,악기 연주
87,479,1,-0.89,달리기
38,21,4,0.14,악기 연주
49,87,3,-0.42,스트레칭
104,281,3,-0.48,달리기
32,673,1,-0.6,건강한 식사
53,105,3,-0.45,독서
119,264,3,0.25,명상
66,372,1,-0.48,클라이밍
9,725,5,-0.27,요가
80,700,1,0.82,사진 찍기
13,273,5,0.53,댄스
84,201,3,-0.37,영화 감상
7,479,5,0.94,게임
15,790,1,0.42,영화 감상
45,430,3,0.2,탁구
85,429,2,-0.43,영화 감상
46,245,2,-0.96,배드민턴
13,59,3,-0.77,필라테스
120,662,5,0.02,목표 설정
43,103,5,0.96,외국어 공부
44,566,5,-0.78,게임
96,451,1,-0.58,독서
18,689,5,-0.28,악기 연주
113,40,3,-0.86,수영
10,21,3,0.04,일기쓰기
116,561,2,-0.49,목표 설정
37,681,4,0.1,강의 듣기
45,636,5,0.94,웨이트 트레이닝
12,758,2,-0.18,필라테스
38,372,3,-0.97,댄스
85,71,1,0.85,문제 풀이
32,646,3,-0.86,그림 그리기
120,735,2,0.55,필라테스
65,85,3,0.18,테니스
23,763,2,-0.2,외국어 공부
13,528,5,-0.06,독서
75,623,1,0.36,요가
53,346,2,-0.33,웨이트 트레이닝
31,529,4,0.35,배드민턴
68,754,5,-0.43,클라이밍
36,200,4,0.24,문제 풀이
26,692,1,0.94,건강한 식사
93,711,5,-0.15,독서
106,444,5,-0.58,일기쓰기
11,407,5,0.8,축구
120,379,1,0.95,영화 감상
103,625,1,0.39,수영
91,293,2,0.12,그림 그리기
45,423,2,0.05,건강한 식사
116,164,4,-0.4,게임
22,195,3,-0.7,악기 연주
22,621,4,-0.69,웨이트 트레이닝
40,714,4,0.61,사진 찍기
111,10,4,0.42,필라테스
100,792,1,-0.6,클라이밍
87,779,2,0.58,외국어 공부
76,32,5,0.9,독서
83,750,4,-0.1,사진 찍기
102,105,1,-0.7,농구
17,528,3,0.56,수영
69,133,5,0.76,명상
7,354,5,0.41,일기쓰기
114,23,5,0.8,문제 풀이
25,571,5,-0.4,강의 듣기
98,209,4,-0.55,사진 찍기
85,686,2,-0.15,웨이트 트레이닝
113,775,4,0.41,탁구
15,436,3,0.14,사진 찍기
38,80,5,0.18,농구
93,618,4,-0.82,달리기
93,93,3,-0.6,탁구
60,288,5,-0.14,클라이밍
70,773,3,0.75,배드민턴
25,793,4,0.85,클라이밍
63,401,4,-0.0,외국어 공부
7,372,2,0.69,줄넘기
51,278,3,-0.94,클라이밍
25,128,2,-1.0,명상
95,90,1,0.97,독서
96,47,2,0.32,필라테스
115,755,1,-0.46,일기쓰기
13,335,2,-0.84,명상
67,684,5,0.64,배드민턴
69,776,1,0.67,독서
34,180,4,0.32,클라이밍
43,668,1,0.15,건강한 식사
56,139,4,0.01,영화 감상
7,79,1,-0.01,독서
13,120,2,-0.18,농구
17,409,2,0.71,사진 찍기
27,105,2,-0.78,영화 감상
12,334,5,-0.96,문제 풀이
88,241,4,-0.13,일기쓰기
31,345,2,-1.0,수면 습관
13,683,1,0.3,요리하기
36,16,3,0.69,요리하기
87,605,4,-0.23,탁구
59,602,2,0.22,수영
96,403,5,-0.38,테니스
59,150,4,0.08,배드민턴
112,287,2,-0.83,테니스
46,93,4,-0.02,요리하기
81,569,2,0.84,목표 설정
86,154,5,0.85,그림 그리기
57,419,4,0.8,코딩 연습
117,196,4,0.46,필라테스
81,277,3,-0.18,외국어 공부
67,45,4,-0.85,요리하기
65,515,4,0.07,배드민턴
100,742,4,-0.07,필라테스
25,24,5,0.87,악기 연주
79,671,1,0.55,플래너 작성
95,695,5,0.12,사이클링
111,106,2,-0.97,독서
109,405,4,0.92,사이클링
18,682,4,0.47,웨이트 트레이닝
63,32,3,-0.07,영화 감상
90,261,1,0.6,요리하기
102,34,2,0.39,웨이트 트레이닝
34,783,2,-0.76,달리기
51,259,2,-0.47,달리기
111,169,1,0.53,사이클링
88,255,3,-0.61,테니스
102,661,1,-0.41,문제 풀이
56,195,3,-1.0,배드민턴
46,422,2,0.68,영화 감상
83,83,5,0.67,강의 듣기
37,428,5,-0.41,농구
82,652,4,-0.97,농구
114,607,2,-0.27,물 많이 마시기
73,597,1,-0.83,댄스
84,436,5,-0.98,탁구
49,144,3,-0.55,악기 연주
72,417,4,0.74,배드민턴
94,451,2,0.55,농구
26,546,3,0.76,코딩 연습
107,763,5,0.52,댄스
102,411,3,-0.97,수영
99,459,3,-0.45,수영
90,764,1,0.86,요가
47,466,4,-0.29,문제 풀이
31,182,2,-0.9,농구
75,477,5,0.04,달리기
51,710,5,-0.89,요리하기
37,464,5,-0.21,탁구
70,694,4,0.36,건강한 식사
102,140,1,-0.35,스트레칭
41,572,4,1.0,요가
115,249,4,-0.45,농구
101,313,5,-0.85,악기 연주
53,646,1,0.78,문제 풀이
15,251,4,0.33,사진 찍기
43,145,3,-0.33,명상
47,277,2,0.66,목표 설정
45,96,1,-0.32,테니스
69,769,4,-0.95,줄넘기
52,440,1,0.99,건강한 식사
27,251,1,-0.05,축구
58,563,5,-0.94,게임
76,439,1,0.34,명상
89,749,2,0.34,독서
106,758,3,-0.67,게임
65,316,5,-0.63,사이클링
6,687,2,-0.27,그림 그리기
51,528,2,-0.24,사진 찍기
16,214,5,0.85,클라이밍
13,580,2,0.4,테니스
71,526,5,-0.49,악기 연주
93,248,3,0.23,댄스
67,452,4,0.49,수영
98,466,4,-0.84,문제 풀이
31,164,5,-0.74,요가
120,468,2,-0.9,악기 연주
24,122,4,-0.64,강의 듣기
32,598,5,-0.03,배드민턴
52,447,4,0.81,탁구
52,685,4,-0.46,수면 습관
5,180,3,-0.15,일기쓰기
61,229,2,-0.9,수면 습관
67,756,3,0.13,축구
14,66,5,0.22,클라이밍
48,294,3,-0.31,댄스
88,735,2,-0.15,독서
48,409,5,-0.44,플래너 작성
89,433,3,0.85,그림 그리기
13,636,2,-0.39,강의 듣기
89,443,5,0.95,코딩 연습
113,300,3,0.1,독서
10,699,4,0.12,물 많이 마시기
51,300,5,0.75,클라이밍
104,597,1,0.88,스트레칭
96,793,2,0.04,외국어 공부
84,681,5,0.17,달리기
26,698,4,-0.77,사진 찍기
90,173,2,0.92,플래너 작성
47,754,3,-0.52,문제 풀이
116,486,4,-0.74,웨이트 트레이닝
15,324,4,-0.6,클라이밍
91,451,2,0.83,게임
94,88,2,-0.78,필라테스
97,307,1,-0.08,댄스
14,128,3,-0.83,줄넘기
120,29,1,-0.04,독서
11,758,3,0.72,요리하기
59,799,4,-0.89,외국어 공부
91,733,2,-0.95,사이클링
52,720,4,-0.73,탁구
32,645,5,-0.38,영화 감상
62,656,2,-0.83,사진 찍기
33,788,3,0.15,달리기
5,454,3,-0.79,클라이밍
26,390,5,0.37,댄스
26,196,2,0.62,명상
13,330,5,0.41,영화 감상
102,545,4,-0.68,줄넘기
6,555,5,0.54,수면 습관
36,204,4,0.78,탁구
76,266,4,-0.86,명상
38,179,3,-0.91,목표 설정
116,281,2,0.28,물 많이 마시기
49,135,2,-0.12,클라이밍
81,474,3,0.55,줄넘기
44,388,3,-0.39,클라이밍
83,439,2,-0.81,건강한 식사
47,394,2,0.87,요리하기
109,205,2,0.15,수영
117,758,4,-0.33,악기 연주
33,183,2,-0.69,강의 듣기
78,258,5,0.82,요리하기
110,722,1,0.37,코딩 연습
82,118,2,0.44,사이클링
65,584,4,-0.03,댄스
108,599,4,-0.04,수영
99,520,5,0.5,달리기
66,165,4,-0.04,게임
62,224,2,0.63,외국어 공부
12,17,4,-0.05,사진 찍기
29,116,3,-0.05,목표 설정
75,346,5,0.08,건강한 식사
55,299,1,0.51,클라이밍
56,651,1,0.62,사진 찍기
27,317,4,-0.69,악기 연주
81,425,1,0.19,강의 듣기
60,526,5,-0.99,탁구
109,385,5,-0.15,요리하기
94,16,1,0.75,농구
111,132,3,0.24,건강한 식사
76,701,2,0.66,요가
97,788,5,-0.05,클라이밍
96,758,3,-0.57,그림 그리기
28,635,4,0.14,줄넘기
66,323,5,0.78,요리하기
32,477,2,0.12,악기 연주
106,246,1,-0.9,목표 설정
40,41,5,-0.32,명상
67,704,2,-0.11,필라테스
43,482,1,-0.21,수면 습관
48,241,2,0.82,사진 찍기
24,33,2,-0.57,사이클링
94,262,4,0.89,게임
74,585,1,-0.37,독서
64,593,5,-0.33,농구
49,577,5,0.45,영화 감상
60,144,3,0.84,웨이트 트레이닝
102,361,5,0.42,수면 습관
105,543,3,-0.03,배드민턴
109,550,4,0.21,댄스
116,24,1,-0.54,건강한 식사
82,304,1,0.72,그림 그리기
87,383,3,0.37,문제 풀이
14,396,3,0.0,플래너 작성
65,321,1,-0.89,물 많이 마시기
54,472,4,0.62,명상
36,41,1,-0.94,수영
45,534,4,0.78,댄스
22,422,5,-0.99,요가
110,96,5,0.3,요가
75,746,3,-0.55,농구
16,699,3,-0.15,목표 설정
108,18,5,0.48,그림 그리기
46,391,4,0.2,탁구
96,34,2,-0.84,플래너 작성
91,594,3,0.91,건강한 식사
63,244,3,-0.56,요리하기
100,45,5,0.1,클라이밍
86,387,1,-0.16,필라테스
20,711,3,0.91,사이클링
5,136,4,-0.62,문제 풀이
44,742,4,-0.02,필라테스
91,480,4,-0.29,줄넘기
48,590,5,-0.95,사이클링
47,627,4,0.29,사진 찍기
40,401,3,0.93,클라이밍
51,532,5,0.55,그림 그리기
46,321,1,0.19,축구
7,467,2,-0.1,사진 찍기
60,389,4,0.24,테니스
65,85,1,-0.23,요가
86,799,2,0.38,강의 듣기
23,359,5,0.7,클라이밍
104,621,1,0.53,게임
90,277,1,-0.91,농구
5,546,2,-0.25,배드민턴
112,21,5,1.0,물 많이 마시기
24,131,4,-0.5,댄스
118,573,3,-0.17,그림 그리기
110,464,1,0.78,독서
26,618,5,0.99,악기 연주
21,189,5,0.36,게임
97,658,3,0.63,그림 그리기
56,484,1,-1.0,외국어 공부
44,572,4,-0.1,독서
48,517,4,-0.87,축구
52,440,1,-0.18,명상
74,704,5,-0.48,댄스
27,751,3,0.69,댄스
62,381,3,-0.48,요가
23,302,1,0.62,클라이밍
10,374,3,0.67,웨이트 트레이닝
38,207,4,-0.41,수영
96,133,1,0.33,사진 찍기
101,300,3,0.22,그림 그리기
111,313,4,0.86,요가
95,536,1,0.89,달리기
85,92,2,0.17,댄스
108,350,5,-0.87,그림 그리기
22,535,3,0.5,악기 연주
11,711,2,-0.17,게임
93,761,5,-0.11,달리기
41,562,3,-0.74,스트레칭
111,430,3,-0.83,독서
14,342,1,0.64,사이클링
26,535,2,-0.6,요리하기
13,636,1,0.15,배드민턴
21,219,2,-0.72,웨이트 트레이닝
114,625,5,0.59,클라이밍
76,758,3,-0.26,사이클링
25,377,5,-0.4,클라이밍
28,615,1,-0.51,목표 설정
94,564,3,-0.41,요리하기
43,499,4,0.12,코딩 연습
9,701,3,-0.68,명상
14,235,5,-0.44,클라이밍
31,73,3,0.21,댄스
50,48,2,0.96,독서
85,607,5,0.98,악기 연주
95,517,5,0.37,영화 감상
93,759,1,0.7,클라이밍
114,782,2,-0.11,축구
104,134,2,0.44,줄넘기
100,275,4,-0.13,강의 듣기
46,281,3,-0.7,달리기
61,114,2,-0.3,수면 습관
116,547,1,-0.05,사이클링
108,735,1,-0.52,축구
119,713,1,-0.15,그림 그리기
9,91,5,0.84,수영
39,224,3,-0.7,플래너 작성
17,674,3,0.18,사이클링
20,742,4,0.44,외국어 공부
6,81,3,0.98,코딩 연습
9,571,1,-0.44,악기 연주
113,166,3,-0.53,요리하기
50,469,3,0.85,목표 설정
11,651,1,0.96,댄스
5,498,5,-0.68,탁구
42,452,3,0.55,농구
96,131,4,-0.3,문제 풀이
103,317,1,0.46,물 많이 마시기
98,359,3,0.9,수면 습관
50,753,4,0.52,탁구
17,313,1,-0.31,수면 습관
7,323,4,0.25,요리하기
110,151,1,0.08,달리기
89,596,2,0.53,건강한 식사
35,546,1,0.96,축구
60,342,3,-0.16,줄넘기
14,695,1,-0.81,축구
91,42,1,-0.39,독서
16,758,3,-0.87,플래너 작성
44,421,1,-0.13,배드민턴
118,184,2,0.95,코딩 연습
37,770,1,0.73,외국어 공부
86,105,1,0.76,클라이밍
92,409,1,0.49,스트레칭
39,338,3,0.69,줄넘기
112,666,1,-0.14,농구
57,551,2,0.39,달리기
27,124,5,0.94,코딩 연습
60,193,1,-0.29,수면 습관
53,550,5,0.51,달리기
116,525,4,-0.84,수영
73,389,5,-0.6,탁구
15,484,1,0.87,웨이트 트레이닝
103,200,2,0.48,웨이트 트레이닝
36,438,4,0.97,클라이밍
27,361,1,0.54,줄넘기
59,440,5,0.01,농구
22,491,5,-0.46,건강한 식사
86,98,3,0.85,농구
6,484,1,-0.84,줄넘기
97,303,3,-0.42,필라테스
69,626,2,0.21,일기쓰기
53,471,5,0.05,명상
30,567,2,-0.94,영화 감상
51,530,2,0.35,물 많이 마시기
8,652,1,0.01,외국어 공부
24,638,3,0.35,배드민턴
77,678,5,-0.92,요리하기
68,568,4,0.54,독서
34,111,1,0.49,축구
31,374,2,0.19,댄스
119,89,1,0.33,줄넘기
58,775,4,0.89,스트레칭
15,795,4,0.13,요가
8,761,5,-0.05,코딩 연습
96,794,2,0.95,스트레칭
116,118,1,-0.77,요리하기
62,445,4,0.94,외국어 공부
72,605,4,0.25,물 많이 마시기
92,562,2,0.28,그림 그리기
46,97,4,0.37,독서
60,334,5,-0.63,목표 설정
85,233,3,-0.82,웨이트 트레이닝
41,302,3,0.95,악기 연주
90,97,3,-0.05,플래너 작성
30,219,1,0.85,웨이트 트레이닝
117,505,3,0.2,배드민턴
21,773,5,0.92,사이클링
81,528,3,0.71,댄스
111,108,3,-0.14,강의 듣기
112,561,4,-0.79,달리기
48,268,5,0.14,수면 습관
92,297,3,-0.0,건강한 식사
81,439,5,0.39,줄넘기
94,206,3,-0.02,건강한 식사
104,122,4,0.1,달리기
67,271,4,0.11,사진 찍기
16,14,4,-0.48,악기 연주
68,295,2,-0.97,명상
11,141,2,-0.84,웨이트 트레이닝
96,253,1,0.92,요리하기
38,382,2,-0.51,그림 그리기
95,598,2,-0.44,수면 습관
52,195,4,0.53,요리하기
51,657,1,0.27,악기 연주
94,65,5,-0.16,플래너 작성
87,276,2,0.31,명상
79,278,2,0.34,독서
57,53,1,-0.71,명상
20,105,3,0.49,농구
90,549,1,0.68,목표 설정
52,641,1,0.86,요가
86,202,2,0.73,수면 습관
119,46,1,0.01,악기 연주
30,706,3,-0.98,수영
26,37,1,-0.55,달리기
115,191,1,-0.66,수영
57,496,4,0.73,악기 연주
81,602,5,-0.27,사진 찍기
108,717,5,-0.71,웨이트 트레이닝
26,626,4,0.17,사이클링
8,617,2,0.01,물 많이 마시기
31,443,5,0.95,명상
109,638,4,0.81,외국어 공부
57,156,3,0.31,수면 습관
115,273,3,0.88,농구
96,101,4,-0.16,코딩 연습
34,152,5,-0.8,게임
37,463,5,-0.71,필라테스
17,237,2,-0.57,문제 풀이
34,239,2,0.23,농구
119,455,4,-0.29,문제 풀이
36,766,4,-0.01,코딩 연습
102,649,1,-0.32,댄스
88,233,4,0.86,탁구
84,56,4,-0.06,테니스
52,535,4,-0.64,요리하기
110,448,4,-0.57,웨이트 트레이닝
91,196,3,-0.84,요가
56,40,3,0.84,목표 설정
78,611,4,-0.66,건강한 식사
88,99,2,-0.2,그림 그리기
104,498,1,0.97,게임
104,270,4,-0.68,축구
23,455,1,-0.66,그림 그리기
108,305,3,-0.07,웨이트 트레이닝
24,65,5,0.05,탁구
40,254,2,0.04,줄넘기
88,690,4,0.39,요가
115,467,5,0.62,일기쓰기
107,97,4,-0.19,사진 찍기
105,284,1,0.38,문제 풀이
59,161,5,0.67,물 많이 마시기
7,441,4,0.62,플래너 작성
61,505,4,-0.32,건강한 식사
103,19,2,-0.37,웨이트 트레이닝
42,678,4,-0.3,축구
62,81,2,-0.52,건강한 식사
68,400,5,0.48,강의 듣기
55,252,2,0.77,목표 설정
108,701,5,-0.42,외국어 공부
97,350,3,-0.09,코딩 연습
87,290,4,0.47,그림 그리기
40,277,4,0.68,배드민턴
21,539,4,-0.36,그림 그리기
68,370,1,0.25,테니스
120,554,5,0.11,물 많이 마시기
46,304,1,-0.72,사진 찍기
7,711,4,0.53,필라테스
84,497,5,-0.78,테니스
105,604,2,-0.17,탁구
116,447,2,0.71,그림 그리기
44,606,1,0.84,필라테스
63,756,5,-0.15,테니스
37,753,5,0.1,요리하기
69,158,1,0.49,스트레칭
68,16,4,0.82,게임
67,111,1,0.36,배드민턴
91,277,1,0.67,스트레칭
103,23,1,0.77,필라테스
90,668,1,0.76,악기 연주
65,163,1,-0.12,악기 연주
99,122,4,0.39,스트레칭
52,683,2,-0.52,댄스
28,169,2,-0.44,일기쓰기
71,450,5,0.11,건강한 식사
5,385,5,-0.78,게임
45,776,2,0.25,배드민턴
59,521,4,-0.96,필라테스
72,191,4,0.15,클라이밍
27,603,1,0.21,코딩 연습
56,205,4,0.46,악기 연주
68,63,3,-0.96,코딩 연습
37,80,5,-0.26,달리기
26,19,5,-0.65,명상
120,104,5,-0.38,영화 감상
11,114,1,0.67,영화 감상
77,319,2,0.54,배드민턴
15,676,4,0.31,강의 듣기
113,356,2,-0.59,물 많이 마시기
69,172,3,0.03,농구
88,689,2,-0.97,수면 습관
52,780,4,0.97,웨이트 트레이닝
71,280,1,-0.71,악기 연주
54,71,5,0.76,강의 듣기
59,96,5,0.89,탁구
24,249,5,-0.78,악기 연주
106,741,5,0.89,줄넘기
60,174,5,-0.93,사이클링
116,688,1,-0.67,요가
46,602,4,0.03,사이클링
29,419,2,0.66,농구
45,405,1,0.47,목표 설정
94,627,4,-0.77,수영
33,362,3,0.15,축구
29,413,1,0.99,웨이트 트레이닝
43,160,1,-0.14,요리하기
15,139,4,-0.22,물 많이 마시기
102,601,4,-0.25,일기쓰기
102,750,2,0.09,코딩 연습
48,279,4,0.75,댄스
109,197,2,0.36,목표 설정
39,467,1,-0.85,축구
67,613,2,0.16,댄스
57,419,1,-0.5,배드민턴
120,748,5,0.71,농구
108,201,3,0.2,외국어 공부
118,784,3,0.01,스트레칭
117,150,2,-0.27,영화 감상
106,434,1,0.6,강의 듣기
95,494,3,-0.79,사이클링
52,650,4,-0.02,물 많이 마시기
108,726,4,0.2,물 많이 마시기
62,551,3,0.62,사진 찍기
28,680,4,0.25,악기 연주
26,580,5,-0.04,일기쓰기
100,696,3,-0.7,일기쓰기
16,779,2,0.79,게임
10,312,4,-0.69,그림 그리기
68,202,1,0.44,영화 감상
46,63,2,-0.46,일기쓰기
23,466,5,0.59,영화 감상
72,563,2,0.38,줄넘기
103,247,3,0.57,웨이트 트레이닝
80,341,5,-0.32,요리하기
30,623,3,-0.04,외국어 공부
77,523,4,0.85,플래너 작성
69,211,3,0.07,요리하기
90,564,1,0.93,줄넘기
8,580,3,0.27,영화 감상
91,154,2,-0.28,건강한 식사
91,58,4,0.7,요가
31,146,4,-0.61,그림 그리기
111,243,4,-0.38,사이클링
20,500,1,0.26,영화 감상
74,262,2,0.36,스트레칭
60,347,3,-0.56,그림 그리기
44,114,2,0.3,요가
43,526,2,0.08,악기 연주
91,492,4,-0.88,달리기
117,414,1,-0.83,줄넘기
57,322,4,0.07,영화 감상
17,659,3,0.15,댄스
35,626,1,-0.77,줄넘기
44,755,4,0.94,사이클링
25,591,5,0.84,테니스
81,290,1,-0.07,요리하기
43,376,3,0.96,스트레칭
52,210,5,-0.85,테니스
87,521,5,-0.54,스트레칭
108,288,2,0.54,플래너 작성
24,443,3,-0.42,요가
94,394,2,0.69,축구
90,74,1,0.78,배드민턴
93,542,3,0.04,수면 습관
115,267,3,0.19,코딩 연습
94,116,2,-0.7,클라이밍
93,672,1,-0.58,코딩 연습
64,494,5,-0.58,악기 연주
22,509,3,-0.45,요리하기
83,780,3,-0.07,건강한 식사
116,44,4,-0.16,요리하기
104,120,3,-0.45,독서
109,749,2,0.13,독서
46,488,1,0.07,외국어 공부
9,324,1,-0.86,목표 설정
10,686,2,0.56,일기쓰기
84,346,5,0.35,수면 습관
7,93,4,0.34,클라이밍
36,722,5,0.87,사진 찍기
76,135,3,0.38,축구
105,349,5,-0.94,게임
52,377,4,-0.34,축구
93,542,1,-0.97,줄넘기
16,145,3,0.27,배드민턴
106,92,5,-0.78,강의 듣기
108,485,3,0.22,그림 그리기
24,625,4,-0.77,축구
23,304,4,-0.67,문제 풀이
100,158,5,-0.04,강의 듣기
107,783,1,-0.69,게임
118,288,4,-0.57,수면 습관
64,161,4,-0.68,배드민턴
102,231,2,0.74,요가
25,488,1,0.33,게임
76,327,2,0.98,플래너 작성
68,524,4,-0.06,배드민턴
19,708,5,-0.46,사진 찍기
58,501,4,-0.46,영화 감상
95,275,3,-0.05,일기쓰기
46,334,3,0.82,테니스
99,585,1,0.43,줄넘기
87,54,1,0.66,수면 습관
31,573,4,0.87,사진 찍기
32,361,2,-0.89,목표 설정
77,380,3,-0.76,테니스
101,542,5,-0.0,수면 습관
56,36,5,-0.95,독서
68,53,5,-0.28,일기쓰기
39,576,4,-0.51,영화 감상
30,391,2,0.22,배드민턴
13,278,4,-0.41,수면 습관
70,39,2,-0.44,독서
24,126,2,0.54,외국어 공부
5,526,2,0.35,독서
88,64,4,0.0,요리하기
57,259,3,-0.04,탁구
90,714,1,0.04,일기쓰기
80,482,3,0.18,외국어 공부
97,430,4,0.87,목표 설정
21,752,2,-0.82,일기쓰기
66,95,4,0.85,필라테스
114,785,2,-0.84,독서
112,74,1,0.06,영화 감상
51,684,3,0.15,스트레칭
13,775,4,-0.74,영화 감상
7,388,5,0.76,영화 감상
74,584,4,0.93,수영
8,672,2,-0.99,건강한 식사
101,754,4,-0.91,축구
120,217,1,0.07,악기 연주
64,625,4,0.94,요리하기
22,474,4,-0.43,스트레칭
24,769,1,0.92,건강한 식사
71,708,4,0.63,명상
66,228,4,0.1,영화 감상
44,362,5,0.62,일기쓰기
17,621,5,-0.64,사진 찍기
107,420,3,0.78,필라테스
64,18,3,0.12,축구
81,289,2,0.28,게임
26,675,5,-0.13,플래너 작성
55,261,3,-0.0,줄넘기
18,128,4,0.28,목표 설정
81,217,3,0.05,탁구
93,466,5,-0.99,배드민턴
40,769,4,-0.76,명상
55,119,1,0.22,그림 그리기
96,136,4,0.45,물 많이 마시기
95,697,5,0.89,스트레칭
109,118,4,-0.89,명상
113,755,4,0.04,목표 설정
57,264,5,-0.25,일기쓰기
113,507,2,0.32,물 많이 마시기
60,80,1,0.14,물 많이 마시기
66,523,4,-0.31,목표 설정
35,222,4,0.73,그림 그리기
33,314,1,0.78,축구
48,13,2,-0.44,명상
99,114,4,0.27,코딩 연습
106,288,3,-0.09,배드민턴
108,620,4,-0.82,필라테스
38,138,1,-0.44,건강한 식사
112,738,5,0.18,달리기
110,189,3,-0.76,축구
87,704,5,0.82,플래너 작성
88,428,4,0.48,웨이트 트레이닝
15,772,5,-0.4,탁구
98,754,5,0.37,문제 풀이
41,42,2,-0.03,게임
41,93,5,0.49,코딩 연습
28,47,4,-0.05,그림 그리기
106,489,5,-0.33,건강한 식사
43,135,1,0.11,코딩 연습
94,285,1,-0.8,그림 그리기
24,701,2,0.51,필라테스
64,286,4,-0.51,배드민턴
15,374,4,0.06,수면 습관
110,231,5,-0.33,축구
83,509,3,-0.27,건강한 식사
33,766,5,-0.72,일기쓰기
81,438,1,0.14,농구
59,529,4,-0.52,줄넘기
119,115,3,-0.87,요리하기
19,459,4,0.23,수영
104,32,3,-0.4,수면 습관
30,64,5,0.23,게임
7,699,1,-0.74,코딩 연습
45,351,1,-0.56,코딩 연습
12,147,4,-0.38,영화 감상
96,775,4,0.48,악기 연주
13,720,1,-0.47,테니스
15,634,5,0.53,수면 습관
57,88,5,0.67,농구
27,725,5,0.86,영화 감상
14,402,2,0.57,문제 풀이
94,776,1,0.64,목표 설정
74,395,4,0.22,클라이밍
105,217,5,0.78,필라테스
27,483,4,0.77,배드민턴
29,646,1,-0.76,웨이트 트레이닝
96,281,5,0.83,외국어 공부
105,751,3,0.03,요가
112,157,5,-0.25,축구
27,178,2,-0.37,탁구
85,310,1,0.42,줄넘기
91,362,5,0.56,농구
68,300,3,-0.92,사이클링
41,343,2,0.83,댄스
72,49,1,-0.78,사이클링
60,645,1,0.07,강의 듣기
114,60,4,-0.49,웨이트 트레이닝
64,332,2,-0.67,클라이밍
9,627,2,-0.18,댄스
37,728,2,-0.03,건강한 식사
48,179,1,0.88,강의 듣기
26,211,2,-0.91,필라테스
91,169,3,-0.21,독서
31,474,3,0.06,악기 연주
39,209,1,0.66,댄스
6,419,4,0.6,목표 설정
71,104,2,-0.19,웨이트 트레이닝
43,224,1,0.75,탁구
99,490,5,-0.13,물 많이 마시기
96,13,1,0.46,강의 듣기
28,513,2,-0.64,악기 연주
47,43,4,0.78,그림 그리기
100,391,1,-0.62,수영
29,467,4,-0.83,웨이트 트레이닝
70,569,3,-0.42,테니스
99,420,5,-0.61,요리하기
84,94,1,0.69,그림 그리기
58,245,2,0.31,사진 찍기
71,328,5,0.11,일기쓰기
118,637,1,-0.63,건강한 식사
67,677,4,-0.93,사진 찍기
18,677,1,0.79,댄스
76,656,5,-0.67,악기 연주
110,552,1,0.06,댄스
34,427,2,-0.33,물 많이 마시기
46,768,3,-0.76,요가
36,611,1,0.01,플래너 작성
43,255,5,-0.05,요리하기
9,471,5,-0.81,축구
83,557,5,0.71,사진 찍기
44,395,4,0.13,배드민턴
37,765,3,0.06,배드민턴
17,356,4,-0.55,게임
75,756,3,-0.51,플래너 작성
17,41,4,0.8,댄스
94,461,1,0.76,달리기
60,690,4,0.31,농구
100,442,3,0.54,악기 연주
65,704,1,0.15,수영
100,712,5,0.58,요리하기
83,662,3,-0.7,외국어 공부
12,148,3,0.3,악기 연주
83,721,1,0.79,댄스
9,530,1,-0.48,스트레칭
56,693,1,0.14,농구
109,263,3,-0.57,댄스
77,272,2,0.93,배드민턴
24,303,3,-0.46,강의 듣기
42,651,5,-0.24,영화 감상
84,375,1,0.49,플래너 작성
35,538,4,-0.12,필라테스
64,595,4,0.21,게임
77,164,2,-0.94,줄넘기
38,376,2,0.94,물 많이 마시기
73,631,1,-0.69,스트레칭
118,760,4,-0.5,줄넘기
91,182,4,-0.81,요리하기
81,280,1,-0.19,배드민턴
96,641,3,0.71,스트레칭
45,592,3,-0.73,클라이밍
51,420,3,0.96,목표 설정
107,174,4,0.65,독서
22,580,4,0.99,웨이트 트레이닝
108,704,5,-0.32,일기쓰기
78,293,1,-0.56,명상
28,639,1,-0.82,축구
110,575,1,0.41,사이클링
6,183,4,-0.66,문제 풀이
73,566,3,0.71,댄스
86,158,5,0.75,악기 연주
81,622,4,-0.58,영화 감상
53,57,2,0.67,코딩 연습
27,308,3,0.86,농구
29,492,1,-0.58,요가
22,133,5,-0.83,독서
80,97,3,-0.71,플래너 작성
31,17,5,-0.23,배드민턴
99,343,3,0.89,배드민턴
83,617,4,-0.94,테니스
11,729,2,-0.6,물 많이 마시기
65,44,1,-0.48,농구
46,386,3,0.59,웨이트 트레이닝
38,94,3,-0.13,농구
23,668,3,0.98,탁구
113,62,2,0.15,달리기
92,526,5,0.41,영화 감상
83,435,2,-0.11,건강한 식사
36,228,3,0.43,사진 찍기
42,488,2,-0.14,농구
52,270,5,-0.97,물 많이 마시기
49,479,5,-0.4,클라이밍
24,437,3,0.28,요가
103,685,4,0.61,일기쓰기
99,57,2,-0.46,농구
82,280,3,-0.44,물 많이 마시기
72,742,4,-0.67,플래너 작성
119,232,1,-0.78,명상
41,185,3,-0.58,배드민턴
86,133,2,-0.51,목표 설정
105,577,2,-0.52,건강한 식사
18,148,3,-0.01,댄스
94,552,2,0.67,게임
52,625,1,-0.2,요리하기
56,705,3,-0.67,축구
61,642,1,-0.8,코딩 연습
99,689,4,0.54,농구
91,122,4,0.78,게임
19,600,5,0.78,수영
57,222,3,-0.16,배드민턴
21,640,3,-0.3,달리기
5,133,2,0.52,플래너 작성
67,158,3,-0.37,강의 듣기
33,567,5,0.71,그림 그리기
39,321,4,0.77,강의 듣기
76,105,3,-0.61,웨이트 트레이닝
41,267,1,-0.72,축구
9,616,1,-0.5,외국어 공부
72,37,2,0.32,축구
17,482,4,-0.97,수영
93,286,2,-0.68,악기 연주
34,200,3,-0.35,필라테스
103,684,3,0.25,테니스
42,639,5,0.69,악기 연주
81,385,4,-0.16,게임
38,474,3,-0.46,배드민턴
26,45,1,0.56,독서
110,331,4,0.99,축구
47,223,5,-0.44,명상
65,556,5,0.97,명상
12,76,4,0.58,문제 풀이
70,733,2,0.11,문제 풀이
106,456,4,-0.28,수면 습관
65,485,5,0.17,탁구
94,741,2,0.85,독서
13,751,2,-0.24,영화 감상
5,127,1,-0.72,독서
11,639,5,0.39,테니스
41,289,4,-0.36,스트레칭
83,739,4,0.3,코딩 연습
27,551,5,0.3,필라테스
101,695,5,0.37,탁구
20,466,2,-0.85,건강한 식사
56,785,5,-0.92,테니스
81,50,5,-0.31,수영
47,790,3,-0.85,줄넘기
91,796,3,-0.77,외국어 공부
46,178,1,-0.44,문제 풀이
16,536,4,0.52,플래너 작성
101,160,5,0.82,사이클링
89,604,3,-0.04,댄스
22,637,4,-0.76,일기쓰기
13,615,2,0.26,축구
24,142,1,-0.27,수면 습관
116,380,1,0.99,탁구
54,67,1,0.83,요리하기
50,193,4,-0.38,요리하기
71,678,5,0.93,필라테스
94,268,1,0.6,명상
81,318,2,-0.32,테니스
31,326,5,0.92,댄스
7,241,4,0.16,목표 설정
65,400,3,-0.44,영화 감상
86,37,4,0.7,테니스
92,192,2,-0.32,요리하기
7,379,1,0.06,코딩 연습
30,526,5,-0.23,게임
112,92,4,-0.16,클라이밍
57,300,4,-0.39,문제 풀이
75,633,2,-0.13,외국어 공부
114,569,5,-0.11,건강한 식사
98,752,2,-0.02,외국어 공부
49,572,3,0.69,코딩 연습
107,397,4,-0.67,요리하기
7,112,4,-0.54,농구
119,697,2,-0.2,사진 찍기
72,257,4,0.24,축구
57,756,2,0.23,사이클링
18,72,4,-0.13,댄스
109,136,3,-0.15,웨이트 트레이닝
63,368,3,0.54,수영
29,617,5,0.02,수면 습관
84,490,2,0.22,사진 찍기
85,769,5,-0.59,코딩 연습
78,489,4,-0.77,플래너 작성
65,353,1,0.22,클라이밍
38,424,5,-0.86,수면 습관
60,69,1,0.4,일기쓰기
51,670,4,-0.28,강의 듣기
120,704,5,-0.06,게임
41,517,5,-0.33,스트레칭
115,794,1,-0.62,문제 풀이
27,182,1,-0.89,악기 연주
110,642,3,-0.73,농구
105,413,1,0.67,독서
16,692,1,0.67,요리하기
20,299,1,-0.3,목표 설정
107,305,2,0.18,요리하기
5,134,4,-0.19,목표 설정
105,703,2,-0.97,사이클링
21,148,3,0.15,그림 그리기
116,245,4,-0.99,플래너 작성
16,356,4,-0.35,요가
39,69,3,0.09,문제 풀이
33,118,5,0.13,영화 감상
68,566,2,-0.62,탁구
96,649,3,-0.71,강의 듣기
65,230,2,0.34,웨이트 트레이닝
72,43,1,-0.29,게임
45,55,5,0.64,그림 그리기
40,453,1,0.41,달리기
36,688,5,-0.07,코딩 연습
26,492,3,0.18,클라이밍
76,367,1,-0.89,달리기
76,338,5,-0.24,건강한 식사
86,320,2,0.22,달리기
98,124,1,-0.28,플래너 작성
88,590,5,0.04,강의 듣기
11,680,3,-0.46,배드민턴
73,271,5,0.3,달리기
114,185,1,0.59,문제 풀이
85,743,1,0.79,스트레칭
87,78,1,0.27,댄스
93,184,3,0.31,사이클링
80,287,5,-0.84,외국어 공부
24,595,3,-0.05,플래너 작성
9,253,2,-0.58,물 많이 마시기
16,670,1,0.7,일기쓰기
65,59,2,0.02,요리하기
14,735,3,0.41,줄넘기
5,453,1,0.52,줄넘기
52,65,2,0.31,줄넘기
120,241,4,-0.26,스트레칭
45,251,3,0.59,물 많이 마시기
85,486,5,0.81,코딩 연습
120,639,3,-0.82,코딩 연습
67,166,4,0.38,테니스
83,686,2,-0.41,축구
119,731,5,-0.51,테니스
67,800,5,-0.25,문제 풀이
105,406,5,-0.05,농구
69,712,1,-0.0,댄스
79,17,5,0.23,배드민턴
27,145,3,-0.09,댄스
81,147,5,0.92,달리기
94,608,3,-0.84,줄넘기
16,308,3,-0.24,건강한 식사
61,662,4,0.02,배드민턴
101,290,3,0.14,수영
85,730,5,-0.17,사진 찍기
21,735,4,0.1,요가
55,381,1,-0.07,스트레칭
92,549,5,0.12,독서
90,524,4,-0.66,축구
36,208,2,-0.92,외국어 공부
41,713,2,0.9,수영
17,354,3,-0.98,독서
58,797,5,-0.92,악기 연주
38,691,2,0.7,그림 그리기
93,581,1,-0.62,수면 습관
112,28,2,-0.32,독서
106,123,4,-0.39,달리기
77,606,2,0.62,플래너 작성
90,473,1,0.49,외국어 공부
78,243,5,0.0,강의 듣기
112,309,1,-0.45,건강한 식사
38,456,1,0.33,코딩 연습
14,182,2,0.67,사진 찍기
57,206,1,0.35,일기쓰기
116,418,2,0.76,문제 풀이
7,740,1,-0.13,그림 그리기
106,254,2,-0.28,영화 감상
7,455,3,0.68,사진 찍기
20,447,3,0.44,요가
85,607,1,0.11,탁구
97,552,5,-0.99,배드민턴
50,108,1,-0.94,달리기
69,391,1,-0.79,스트레칭
56,538,2,0.36,농구
109,60,3,-0.67,요가
64,716,2,-0.69,클라이밍
49,687,2,-0.58,수영
8,366,2,-0.64,달리기
108,50,4,0.54,목표 설정
67,625,4,-0.63,웨이트 트레이닝
50,521,5,0.04,클라이밍
18,397,4,0.69,악기 연주
14,698,5,0.67,일기쓰기
35,788,3,-0.92,축구
22,427,1,0.43,명상
52,119,1,-0.44,농구
67,248,4,-0.26,사이클링
76,83,3,0.91,테니스
7,62,2,-0.25,수영
58,374,3,-0.07,명상
110,39,3,0.1,클라이밍
68,638,5,-0.52,명상
5,164,2,0.98,독서
98,339,5,0.72,코딩 연습
96,692,1,-0.88,축구
75,106,2,-0.91,클라이밍
39,452,4,-0.31,클라이밍
34,466,1,-0.28,요가
103,376,1,0.64,플래너 작성
75,371,4,-0.31,테니스
10,662,5,-0.29,테니스
48,28,4,-0.29,명상
68,612,5,-0.27,스트레칭
111,612,2,0.81,게임
5,139,4,0.5,수면 습관
90,670,5,-0.61,독서
73,72,1,-0.1,코딩 연습
110,497,4,0.08,웨이트 트레이닝
113,565,2,0.87,그림 그리기
79,703,3,0.41,플래너 작성
113,102,2,0.1,축구
13,579,5,-0.31,요가
98,738,5,-0.97,외국어 공부
49,235,4,0.23,목표 설정
94,787,1,0.97,달리기
87,420,4,-0.95,축구
76,446,4,0.6,배드민턴
117,440,5,-0.73,코딩 연습
27,624,1,0.15,코딩 연습
95,264,2,0.66,웨이트 트레이닝
76,575,2,0.65,악기 연주
119,769,4,0.31,강의 듣기
113,232,5,0.02,강의 듣기
34,722,2,0.11,목표 설정
50,161,5,0.52,코딩 연습
91,235,1,-0.06,강의 듣기
19,14,3,-0.49,명상
93,182,5,-0.25,독서
74,484,5,0.09,농구
110,679,2,-0.45,요리하기
45,477,2,0.5,수면 습관
37,254,5,0.29,테니스
63,369,4,-0.41,수영
41,511,5,0.46,웨이트 트레이닝
103,302,3,0.59,플래너 작성
87,386,2,0.59,요가
77,551,5,0.66,농구
103,664,1,-0.18,일기쓰기
101,151,2,-0.59,목표 설정
79,680,5,-0.4,명상
82,99,4,-0.33,수영
68,223,1,0.19,명상
111,310,5,0.2,물 많이 마시기
51,285,4,0.38,문제 풀이
74,281,5,0.88,사진 찍기
95,643,4,0.72,목표 설정
52,477,2,-0.8,독서
87,759,2,-0.12,수영
77,52,2,0.45,영화 감상
43,110,1,-0.47,수영
77,448,1,-0.94,줄넘기
97,417,1,0.6,독서
118,177,4,-0.09,게임
56,159,3,0.99,배드민턴
116,662,5,0.24,배드민턴
99,730,4,0.24,스트레칭
12,121,2,-0.31,클라이밍
43,416,4,-0.57,플래너 작성
51,532,4,0.28,물 많이 마시기
87,355,2,0.35,배드민턴
77,750,3,-0.48,요가
42,64,1,0.12,스트레칭
81,765,4,-0.33,댄스
43,730,5,0.59,코딩 연습
12,120,1,-0.08,사진 찍기
43,492,5,0.21,외국어 공부
34,653,2,-0.75,테니스
10,531,1,0.78,목표 설정
74,404,4,0.08,배드민턴
84,384,4,0.88,외국어 공부
65,224,1,0.6,목표 설정
17,593,3,-0.61,명상
64,450,2,0.32,건강한 식사
5,789,5,-0.25,그림 그리기
75,263,2,-0.48,악기 연주
100,710,1,-0.9,탁구
104,120,3,-0.89,사이클링
8,202,3,-0.04,일기쓰기
24,357,2,0.68,클라이밍
107,89,3,-0.13,탁구
47,457,3,0.96,문제 풀이
21,517,3,-0.08,강의 듣기
5,788,5,-0.01,악기 연주
114,115,3,-0.67,줄넘기
105,189,5,-0.1,그림 그리기
72,239,1,-0.08,줄넘기
90,393,4,-0.97,일기쓰기
108,659,4,0.56,일기쓰기
42,371,1,0.53,영화 감상
17,80,3,0.55,수영
20,742,1,-0.23,달리기
91,628,3,0.52,영화 감상
41,40,5,-0.4,코딩 연습
20,466,5,0.98,일기쓰기
75,198,1,-0.34,클라이밍
53,74,2,0.07,탁구
54,740,3,0.66,댄스
49,293,4,-0.01,댄스
6,689,4,0.19,건강한 식사
38,787,2,0.4,농구
43,296,3,-0.07,달리기
10,758,1,0.04,강의 듣기
41,238,5,-0.87,사진 찍기
51,781,2,-0.2,문제 풀이
63,264,2,-0.59,목표 설정
45,276,1,-0.61,사이클링
57,369,4,0.55,수면 습관
86,295,2,0.27,목표 설정
113,636,2,0.23,코딩 연습
9,706,3,0.11,달리기
119,29,1,0.04,줄넘기
45,660,4,-0.14,줄넘기
100,400,2,-0.84,독서
22,772,2,-0.31,건강한 식사
29,113,3,0.48,물 많이 마시기
12,215,1,0.49,스트레칭
92,615,5,-0.09,탁구
59,642,1,0.46,수영
40,223,4,-0.62,코딩 연습
73,63,2,0.28,목표 설정
57,92,4,0.95,수면 습관
63,324,1,-0.62,테니스
28,553,4,0.77,일기쓰기
75,613,3,0.73,건강한 식사
101,423,2,0.09,스트레칭
109,650,3,-0.39,코딩 연습
93,278,2,-0.07,웨이트 트레이닝
106,24,5,-0.31,게임
90,661,2,0.29,탁구
110,618,2,0.16,외국어 공부
5,736,2,0.82,코딩 연습
38,176,5,-0.34,필라테스
61,455,5,0.22,테니스
18,627,1,0.9,영화 감상
92,288,5,0.87,요가
93,353,1,-0.56,문제 풀이
29,632,2,0.89,영화 감상
68,299,2,0.12,사이클링
97,559,2,0.34,명상
24,486,4,0.94,필라테스
30,585,4,0.11,강의 듣기
94,417,5,0.76,사진 찍기
65,553,2,-0.96,스트레칭
86,187,1,-0.57,클라이밍
71,561,2,-0.79,배드민턴
57,327,5,-0.99,필라테스
113,765,5,-0.91,수면 습관
59,760,2,-0.34,요리하기
108,195,4,-0.51,축구
35,24,5,-0.72,클라이밍
64,550,3,0.51,농구
62,448,4,0.89,목표 설정
20,741,5,-0.32,문제 풀이
117,178,2,0.58,코딩 연습
34,120,4,0.9,테니스
47,172,5,-0.1,악기 연주
31,698,1,0.41,그림 그리기
99,462,1,-0.8,목표 설정
120,41,1,0.48,요가
99,378,5,0.75,강의 듣기
81,667,2,0.52,농구
100,528,2,-0.91,강의 듣기
74,560,4,0.72,배드민턴
19,561,2,-0.11,명상
95,484,4,0.78,수면 습관
22,695,3,0.33,명상
76,532,3,0.48,코딩 연습
48,649,5,0.92,외국어 공부
88,692,5,0.59,강의 듣기
71,616,1,-0.53,외국어 공부
119,570,2,-0.27,명상
62,295,3,-0.9,필라테스
40,585,4,-0.32,탁구
113,416,4,0.1,축구
115,377,3,-0.5,줄넘기
48,752,1,-0.27,외국어 공부
39,250,1,-0.87,그림 그리기
20,293,2,0.05,문제 풀이
80,262,2,-0.02,일기쓰기
44,180,3,-0.03,요리하기
69,411,4,-0.87,테니스
69,282,1,0.4,플래너 작성
54,107,3,-0.79,사이클링
93,330,5,-0.95,코딩 연습
17,70,1,-0.44,영화 감상
100,367,1,-0.01,플래너 작성
94,246,5,-0.69,테니스
119,465,4,-0.18,댄스
83,454,2,0.12,그림 그리기
105,623,3,-0.58,강의 듣기
71,648,5,0.48,달리기
106,360,5,-0.08,수영
71,190,2,0.09,독서
12,530,1,-0.38,건강한 식사
57,456,3,-0.09,배드민턴
119,155,2,-0.84,웨이트 트레이닝
84,25,1,-0.65,게임
20,221,3,-0.7,외국어 공부
69,541,2,0.27,플래너 작성
22,551,1,-0.66,수면 습관
110,147,1,-0.42,요가
64,518,4,-0.08,독서
46,515,4,0.78,그림 그리기
118,751,1,0.75,수면 습관
76,223,5,-0.75,게임
74,14,4,-0.81,건강한 식사
64,255,3,-0.23,탁구
14,171,1,0.81,배드민턴
94,367,1,-0.23,명상
26,562,3,-0.1,독서
115,63,2,0.9,플래너 작성
81,118,4,0.13,강의 듣기
114,179,4,0.56,댄스
90,258,2,-0.27,달리기
19,249,5,-0.31,악기 연주
61,670,2,-0.35,요리하기
38,395,2,-0.08,플래너 작성
7,125,5,-0.39,줄넘기
38,730,3,-0.9,요가
115,643,5,-0.21,독서
9,377,1,-0.44,줄넘기
18,130,1,-0.81,목표 설정
114,427,1,0.06,탁구
97,666,2,0.31,문제 풀이
84,349,4,-0.22,건강한 식사
104,797,1,-0.3,요리하기
89,344,5,0.19,독서
43,716,5,-0.02,줄넘기
56,159,3,-0.44,악기 연주
104,635,1,-0.58,사진 찍기
117,638,4,0.79,요리하기
48,173,1,-0.54,줄넘기
7,240,2,0.1,줄넘기
87,530,4,-0.58,축구
84,758,1,0.42,요리하기
76,222,3,-0.5,테니스
59,348,2,-0.23,필라테스
106,619,3,0.46,수영
116,187,1,-0.17,목표 설정
61,298,5,-0.55,강의 듣기
74,541,2,0.97,플래너 작성
116,444,2,0.43,웨이트 트레이닝
22,437,4,0.33,물 많이 마시기
49,555,4,-0.35,줄넘기
58,432,1,0.56,독서
19,312,3,0.94,악기 연주
23,316,2,0.78,필라테스
31,233,1,0.18,수면 습관
66,371,5,-0.35,요리하기
70,164,4,0.7,그림 그리기
67,131,5,0.39,명상
56,65,5,-0.05,테니스
87,321,4,0.78,영화 감상
24,107,2,0.98,플래너 작성
82,304,2,-0.79,필라테스
20,68,1,-0.7,수영
46,350,5,-0.26,악기 연주
97,532,2,-0.23,물 많이 마시기
17,515,3,0.76,건강한 식사
45,543,3,0.71,문제 풀이
106,496,3,0.59,명상
81,693,3,0.95,달리기
28,684,4,0.08,클라이밍
74,145,4,-0.96,줄넘기
59,571,4,0.78,코딩 연습
47,510,1,0.64,문제 풀이
110,612,3,0.78,요가
118,609,2,0.28,건강한 식사
34,264,1,-0.32,물 많이 마시기
18,463,5,-0.45,플래너 작성
114,278,4,-0.6,목표 설정
17,306,5,-0.13,수면 습관
36,453,3,0.36,줄넘기
32,368,5,-0.36,줄넘기
37,344,3,0.35,배드민턴
107,414,3,-0.4,수영
88,752,3,-0.63,스트레칭
87,566,3,0.57,농구
12,327,5,0.99,건강한 식사
20,794,2,-0.74,코딩 연습
116,259,2,-0.1,일기쓰기
12,487,5,0.8,수영
15,694,4,0.04,탁구
6,239,1,-0.11,요리하기
115,386,5,-0.2,명상
21,623,5,-0.25,문제 풀이
85,442,3,0.12,영화 감상
35,406,1,-0.12,외국어 공부
17,789,4,-0.16,수영
30,508,2,-0.69,일기쓰기
78,456,1,-0.99,축구
41,181,2,0.2,줄넘기
63,84,1,-0.15,코딩 연습
111,335,2,0.62,스트레칭
18,521,2,-0.17,스트레칭
44,561,2,0.12,악기 연주
100,33,4,-0.53,사진 찍기
18,83,5,-0.67,수영
85,424,3,-0.31,그림 그리기
36,696,4,-0.37,배드민턴
19,135,5,0.74,영화 감상
26,79,2,-0.99,건강한 식사
115,202,4,0.86,스트레칭
74,512,5,-0.06,독서
94,101,3,-0.03,스트레칭
90,271,5,0.93,사이클링
8,689,1,-0.93,사진 찍기
64,508,1,-0.95,웨이트 트레이닝
80,570,2,0.56,게임
63,201,5,0.23,물 많이 마시기
7,328,5,0.45,독서
103,226,4,-0.96,목표 설정
53,576,5,-0.2,강의 듣기
95,110,2,0.83,플래너 작성
74,426,5,-0.71,게임
20,487,2,0.05,배드민턴
86,413,1,0.17,달리기
70,553,4,-0.07,농구
27,526,3,-0.98,사진 찍기
91,77,2,-0.82,달리기
102,449,4,0.04,일기쓰기
117,623,1,0.68,그림 그리기
11,108,3,-0.43,수영
73,499,2,0.58,문제 풀이
73,773,1,-0.25,악기 연주
5,369,3,0.88,달리기
87,107,3,1.0,악기 연주
23,250,3,-0.82,줄넘기
32,666,5,0.33,필라테스
117,382,1,0.44,달리기
58,697,4,0.45,목표 설정
78,317,4,0.73,수영
67,163,1,-0.62,그림 그리기
17,37,2,0.39,탁구
83,84,2,-0.99,사이클링
110,668,5,-0.06,목표 설정
115,149,3,0.33,명상
46,120,4,-0.37,웨이트 트레이닝
41,421,1,-0.23,탁구
109,437,4,-0.13,스트레칭
47,127,3,0.21,배드민턴
80,598,5,0.75,배드민턴
14,793,4,-0.59,명상
86,792,3,-0.18,요리하기
26,429,4,-0.63,악기 연주
71,58,5,-0.77,코딩 연습
82,343,5,-0.31,게임
13,128,4,-0.8,스트레칭
104,326,5,0.98,물 많이 마시기
17,532,5,0.61,테니스
58,568,1,0.83,일기쓰기
38,272,2,0.78,클라이밍
52,361,1,0.08,물 많이 마시기
80,426,2,0.47,댄스
35,345,5,-0.78,요리하기
71,780,2,-0.91,사이클링
70,356,3,-0.71,필라테스
97,725,2,-0.49,외국어 공부
50,185,3,-0.15,목표 설정
28,503,2,-0.86,문제 풀이
114,157,5,-0.52,사이클링
90,473,2,0.95,강의 듣기
37,425,5,-0.11,문제 풀이
7,799,3,-0.28,스트레칭
33,262,1,-0.61,플래너 작성
109,625,2,-0.05,문제 풀이
116,399,5,-0.36,건강한 식사
17,208,1,-0.19,수면 습관
38,423,2,0.29,사이클링
51,38,1,0.16,일기쓰기
5,94,4,-0.63,줄넘기
70,705,1,-0.97,강의 듣기
117,249,2,0.52,요리하기
96,421,2,0.6,일기쓰기
91,435,5,0.62,사진 찍기
99,102,2,-0.7,물 많이 마시기
103,491,5,-0.6,사이클링
16,529,1,0.92,스트레칭
7,129,2,0.32,건강한 식사
34,733,3,0.45,농구
12,612,1,0.4,강의 듣기
106,735,3,0.73,탁구
54,58,5,0.95,물 많이 마시기
14,463,1,-0.42,플래너 작성
86,128,3,0.2,댄스
14,553,4,-0.96,건강한 식사
73,770,2,-0.08,일기쓰기
63,161,1,0.08,일기쓰기
68,496,4,0.63,클라이밍
5,543,5,-0.45,코딩 연습
73,323,1,0.77,일기쓰기
94,418,1,0.78,농구
55,193,4,-0.81,줄넘기
89,666,5,0.56,수영
82,331,4,-0.95,요가
103,209,5,0.61,수영
64,719,4,-0.1,그림 그리기
26,799,3,0.49,사이클링
111,609,4,-0.77,명상
8,474,5,0.97,수면 습관
119,583,4,-0.43,게임
20,143,2,0.11,게임
19,316,4,0.43,스트레칭
110,50,1,-0.35,달리기
59,565,1,0.27,댄스
51,144,5,-0.2,목표 설정
94,400,1,0.26,물 많이 마시기
54,469,5,-0.88,수면 습관
65,687,2,-0.85,독서
100,697,3,0.61,웨이트 트레이닝
112,445,4,0.16,명상
69,507,2,0.7,사진 찍기
82,470,2,0.09,일기쓰기
47,482,2,0.51,게임
96,143,4,0.5,댄스
98,721,3,0.75,줄넘기
18,152,3,0.06,줄넘기
93,400,2,-0.38,강의 듣기
33,62,3,0.1,사이클링
43,40,3,-0.58,달리기
74,303,2,-0.42,수영
41,484,1,-0.96,플래너 작성
56,697,1,-0.01,클라이밍
37,691,1,0.81,달리기
93,345,3,0.08,사이클링
55,676,1,0.81,클라이밍
23,629,4,0.88,배드민턴
39,745,1,0.11,수영
55,585,3,0.38,줄넘기
117,258,4,0.42,게임
69,662,4,-0.27,축구
9,634,1,-0.65,수영
5,260,5,0.87,요리하기
95,37,5,0.96,사이클링
103,285,4,-0.35,강의 듣기
64,249,5,0.02,영화 감상
57,787,4,-0.12,사이클링
102,614,5,0.26,외국어 공부
107,392,3,0.52,필라테스
100,406,5,0.08,그림 그리기
118,720,4,0.64,강의 듣기
22,253,2,-0.91,댄스
34,197,2,-0.33,달리기
44,21,2,-0.23,배드민턴
83,419,1,-0.84,강의 듣기
120,329,2,0.61,수면 습관
14,460,1,-0.74,물 많이 마시기
44,226,1,-0.73,사진 찍기
99,144,3,0.74,그림 그리기
27,588,4,-0.0,줄넘기
58,443,5,-0.44,스트레칭
19,147,2,0.26,플래너 작성
64,789,1,0.2,명상
104,356,2,-0.66,수면 습관
107,473,3,-0.01,농구
8,785,2,0.28,달리기
90,368,2,0.93,독서
59,267,5,-0.07,요가
70,716,5,-0.02,줄넘기
25,378,4,-0.73,코딩 연습
107,265,4,0.28,축구
99,299,4,0.52,게임
48,535,4,0.32,악기 연주
25,766,2,0.58,강의 듣기
107,705,4,0.18,탁구
5,307,5,0.96,배드민턴
113,27,3,0.99,건강한 식사
71,548,4,-0.14,건강한 식사
62,717,5,-0.15,웨이트 트레이닝
97,791,4,0.7,요가
64,277,2,-0.66,댄스
112,210,4,-0.71,스트레칭
38,708,3,-0.14,그림 그리기
77,477,5,0.58,웨이트 트레이닝
96,790,1,-0.8,필라테스
86,400,5,-0.19,테니스
90,597,2,0.68,게임
63,315,5,-0.78,탁구
81,703,2,-0.57,탁구
66,788,3,-0.43,클라이밍
19,139,2,0.78,물 많이 마시기
16,172,5,-0.05,게임
77,565,1,-0.11,수영
45,598,1,-0.28,일기쓰기
83,583,2,0.81,독서
94,98,2,-0.84,물 많이 마시기
73,714,4,0.24,필라테스
54,708,5,0.94,악기 연주
81,129,2,0.06,웨이트 트레이닝
31,76,3,-0.38,사진 찍기
110,184,3,0.62,건강한 식사
25,765,1,-0.35,코딩 연습
116,146,5,-0.25,축구
63,265,5,-0.82,영화 감상
51,476,1,-0.71,게임
110,227,3,-0.55,독서
119,31,3,0.62,축구
103,710,2,0.42,웨이트 트레이닝
16,468,3,-0.44,수면 습관
85,395,2,0.2,웨이트 트레이닝
19,454,2,-0.94,수영
56,313,5,0.99,클라이밍
112,362,5,-0.05,악기 연주
46,565,5,0.63,스트레칭
50,528,1,0.16,영화 감상
11,282,1,0.11,독서
87,665,2,-0.27,악기 연주
55,573,5,0.68,외국어 공부
98,298,5,-0.11,필라테스
16,482,1,0.65,외국어 공부
16,769,1,0.58,사이클링
64,614,4,-0.09,영화 감상
118,555,5,0.69,필라테스
103,38,1,0.37,요리하기
35,254,1,0.92,탁구
94,21,5,-0.38,클라이밍
47,746,3,0.19,코딩 연습
15,271,2,-0.91,테니스
34,110,3,0.29,클라이밍
53,496,2,-0.08,댄스
89,529,4,0.99,문제 풀이
62,361,2,-0.46,강의 듣기
107,285,2,0.08,명상
47,181,1,0.9,달리기
62,202,4,0.6,줄넘기
77,107,3,-0.14,탁구
21,788,2,-0.15,클라이밍
87,659,1,-0.66,일기쓰기
11,592,1,-0.13,줄넘기
17,53,3,0.61,클라이밍
48,427,1,0.69,게임
29,196,4,-0.75,요리하기
101,202,4,-0.67,명상
97,373,4,-0.04,게임
56,308,5,-0.37,필라테스
14,160,4,-0.65,건강한 식사
115,618,3,0.59,스트레칭
49,568,1,-0.31,농구
84,540,3,0.24,요리하기
117,70,1,0.49,영화 감상
24,417,2,-0.63,코딩 연습
71,799,3,0.59,필라테스
9,277,1,0.11,수영
38,777,1,-0.19,스트레칭
7,303,5,-0.39,줄넘기
68,18,4,0.09,게임
8,284,2,0.81,명상
109,458,4,-0.07,클라이밍
78,705,4,0.85,강의 듣기
120,631,5,-0.83,문제 풀이
78,757,1,-0.09,요가
82,717,5,-0.95,플래너 작성
108,294,5,-0.32,클라이밍
74,55,5,1.0,웨이트 트레이닝
62,508,1,0.29,독서
12,490,5,0.46,사진 찍기
10,682,3,0.96,목표 설정
18,523,2,0.43,클라이밍
46,759,2,-0.47,코딩 연습
94,35,3,0.16,사진 찍기
119,92,4,0.59,요리하기
72,386,2,0.34,강의 듣기
87,537,3,0.76,수면 습관
119,151,4,0.24,요리하기
93,105,1,0.91,영화 감상
63,374,5,-0.33,줄넘기
5,457,4,-0.89,달리기
87,198,4,0.72,그림 그리기
80,767,2,-0.1,목표 설정
68,438,2,-0.43,농구
63,136,2,-0.86,댄스
80,585,2,-0.21,웨이트 트레이닝
30,560,1,-0.63,클라이밍
74,485,5,-0.02,일기쓰기
15,636,5,0.24,사진 찍기
106,241,1,-0.69,줄넘기
28,544,4,0.19,명상
5,611,5,0.75,탁구
107,696,5,-0.03,사진 찍기
10,188,1,0.71,수면 습관
66,603,2,-0.14,탁구
19,453,3,-0.2,사이클링
99,721,4,0.05,물 많이 마시기
113,195,1,0.0,배드민턴
107,161,3,0.02,댄스
34,702,3,0.39,영화 감상
58,772,4,0.03,문제 풀이
53,627,4,-0.68,일기쓰기
77,434,4,0.25,수면 습관
15,411,2,-0.84,악기 연주
80,27,2,-0.59,웨이트 트레이닝
97,373,3,0.03,사이클링
95,609,5,-0.35,배드민턴
53,210,5,0.3,축구
99,694,4,0.07,달리기
90,270,3,-0.85,악기 연주
54,327,2,-0.11,스트레칭
5,204,2,-0.71,독서
87,419,3,-0.0,탁구
47,321,2,0.05,필라테스
72,409,1,0.38,독서
11,525,3,0.72,농구
31,595,5,0.37,명상
113,90,4,-0.12,수영
17,380,3,-0.9,테니스
42,359,1,-0.95,탁구
95,396,5,-0.58,강의 듣기
117,246,3,0.13,수면 습관
24,408,4,0.34,필라테스
46,31,2,-0.59,게임
82,299,2,0.58,농구
59,646,4,0.33,배드민턴
117,402,1,-0.67,농구
11,665,2,0.88,배드민턴
54,774,5,0.35,클라이밍
106,287,2,0.79,강의 듣기
85,736,3,-0.89,영화 감상
97,597,1,0.94,물 많이 마시기
70,472,5,0.09,테니스
57,219,4,0.47,요리하기
77,607,2,0.41,테니스
41,282,5,-0.13,수영
111,747,5,-0.82,코딩 연습
65,449,2,0.32,댄스
31,302,3,0.35,문제 풀이
89,716,2,0.71,게임
79,122,1,-0.57,코딩 연습
86,598,3,0.31,요가
89,636,2,-0.11,그림 그리기
12,44,2,-0.82,줄넘기
80,744,2,-0.98,영화 감상
67,613,2,0.34,사이클링
10,552,5,-0.74,요가
52,266,2,-0.48,목표 설정
107,218,4,0.91,줄넘기
117,57,2,-0.27,게임
30,494,4,-0.46,수면 습관
60,189,2,0.64,줄넘기
97,464,3,-0.64,플래너 작성
36,40,3,0.3,요가
24,177,5,0.7,문제 풀이
99,117,5,0.33,게임
115,633,5,0.72,명상
9,718,5,-0.33,물 많이 마시기
79,61,5,-0.56,요가
59,524,3,-0.2,물 많이 마시기
112,792,2,0.01,일기쓰기
117,528,4,0.68,악기 연주
78,172,1,0.86,달리기
80,682,1,-0.4,달리기
115,439,2,-0.32,플래너 작성
109,94,5,0.25,게임
73,110,5,-0.05,배드민턴
25,794,2,0.16,테니스
68,267,4,-0.66,댄스
50,632,2,-0.99,웨이트 트레이닝
17,479,3,-0.31,배드민턴
29,641,3,0.46,수면 습관
110,726,3,0.16,배드민턴
112,792,3,-0.55,사이클링
15,798,3,-0.52,축구
105,384,1,0.43,수영
105,75,3,0.38,사진 찍기
22,433,1,0.24,악기 연주
120,756,4,-0.08,외국어 공부
68,755,5,0.92,요리하기
109,355,3,-0.08,농구
90,617,4,0.43,줄넘기
70,242,3,-0.44,강의 듣기
40,31,4,0.89,게임
50,105,5,0.46,탁구
44,779,5,0.3,외국어 공부
14,220,5,0.55,코딩 연습
39,637,5,0.99,줄넘기
76,311,3,0.09,스트레칭
90,405,2,0.96,테니스
101,428,5,-0.07,축구
14,95,5,0.08,외국어 공부
37,495,4,0.34,클라이밍
53,381,4,0.65,그림 그리기
6,130,3,0.38,강의 듣기
39,546,2,-0.82,탁구
108,454,5,-0.99,코딩 연습
8,138,2,0.47,줄넘기
110,283,2,0.98,줄넘기
56,477,2,0.29,농구
102,131,2,-0.48,축구
99,106,3,0.88,게임
39,508,4,-0.52,수면 습관
30,93,2,-0.2,달리기
29,250,1,0.5,요리하기
38,288,1,-0.42,건강한 식사
99,538,4,-0.68,테니스
6,92,1,0.55,사진 찍기
16,326,4,-0.91,요가
114,74,1,0.65,물 많이 마시기
97,43,2,0.45,플래너 작성
81,429,1,-0.3,강의 듣기
12,426,1,0.71,그림 그리기
29,629,1,1.0,악기 연주
25,781,5,0.66,테니스
9,437,3,0.99,독서
97,595,5,0.77,축구
23,29,5,-0.39,축구
43,699,2,-0.98,게임
56,37,1,-0.04,농구
43,158,3,0.53,영화 감상
72,196,5,-0.47,영화 감상
5,335,4,-0.36,사진 찍기
42,107,1,0.08,요리하기
46,508,5,-0.05,축구
58,165,2,0.83,수영
59,322,5,0.02,요리하기
9,738,4,0.68,외국어 공부
114,336,2,0.52,건강한 식사
108,459,2,0.12,스트레칭
87,508,4,0.21,댄스
93,660,5,0.53,외국어 공부
44,602,4,-0.5,클라이밍
18,181,4,0.26,플래너 작성
92,744,2,-0.68,사진 찍기
47,307,5,0.09,강의 듣기
79,698,5,0.59,영화 감상
49,63,4,0.19,문제 풀이
66,461,2,-0.03,필라테스
26,14,3,0.81,코딩 연습
96,240,4,-0.07,목표 설정
17,61,3,0.69,문제 풀이
72,487,2,-0.33,물 많이 마시기
51,226,4,0.35,플래너 작성
91,705,3,0.89,목표 설정
74,616,4,-0.74,클라이밍
20,28,5,-0.07,외국어 공부
107,88,2,-0.04,농구
117,377,5,0.53,외국어 공부
83,570,4,0.37,사진 찍기
111,734,4,0.29,배드민턴
9,422,4,-0.92,코딩 연습
59,671,5,-0.93,일기쓰기
58,351,1,-0.94,배드민턴
92,169,5,-0.24,악기 연주
48,555,5,0.57,줄넘기
100,599,3,-0.24,사이클링
9,462,3,-0.69,수영
99,582,1,0.37,코딩 연습
63,14,1,-0.33,게임
116,59,1,-0.33,독서
78,719,3,-0.68,물 많이 마시기
55,346,5,0.92,강의 듣기
41,30,1,-0.86,악기 연주
104,741,4,-0.2,코딩 연습
17,313,4,0.6,일기쓰기
79,720,1,0.32,요리하기
45,211,4,-0.49,농구
20,366,1,0.85,물 많이 마시기
42,620,5,0.32,코딩 연습
45,751,1,0.44,건강한 식사
74,205,4,0.83,필라테스
10,480,4,0.41,목표 설정
40,434,2,-0.9,외국어 공부
27,388,3,-0.75,축구
84,744,3,-0.44,명상
74,575,5,0.57,축구
70,368,4,0.31,외국어 공부
60,473,5,-0.65,일기쓰기
112,277,5,-0.35,클라이밍
101,123,2,0.85,그림 그리기
22,409,2,0.12,물 많이 마시기
87,103,2,0.9,댄스
68,471,5,-0.54,줄넘기
94,531,3,-0.61,요리하기
70,709,3,0.97,강의 듣기
19,709,3,0.14,외국어 공부
37,60,3,0.06,클라이밍
105,641,3,0.27,일기쓰기
99,670,3,-0.52,명상
105,566,1,0.16,축구
20,571,4,-0.39,댄스
12,302,2,-0.4,건강한 식사
100,444,1,-0.16,요리하기
74,332,4,0.0,수영
93,625,5,-0.05,독서
30,332,5,0.44,줄넘기
47,147,3,0.37,필라테스
106,737,3,0.41,목표 설정
59,446,2,-0.93,수면 습관
53,460,3,-0.04,테니스
77,244,2,0.71,외국어 공부
81,221,4,-0.2,게임
77,433,3,0.82,영화 감상
69,322,5,1.0,요가
13,403,3,0.68,웨이트 트레이닝
30,23,4,0.56,농구
96,470,2,0.36,필라테스
56,35,3,-0.97,요가
76,544,2,0.47,배드민턴
51,557,2,-0.32,배드민턴
72,205,2,-0.74,그림 그리기
106,151,4,0.56,클라이밍
59,133,4,0.77,일기쓰기
86,189,4,-0.02,건강한 식사
38,567,3,-0.17,명상
60,491,2,0.39,댄스
95,422,5,0.61,스트레칭
87,560,4,-0.41,영화 감상
55,600,2,0.86,탁구
50,652,1,-0.39,배드민턴
112,299,4,0.94,수영
60,433,2,0.57,외국어 공부
115,146,1,-0.14,농구
116,209,3,0.7,그림 그리기
65,92,3,-0.73,줄넘기
75,752,4,-0.56,축구
31,86,5,0.68,줄넘기
81,487,4,0.55,건강한 식사
31,71,4,0.67,물 많이 마시기
58,82,4,-0.62,게임
52,509,4,0.39,문제 풀이
20,666,3,-0.32,목표 설정
36,504,5,-0.6,플래너 작성
19,727,4,0.28,물 많이 마시기
53,147,4,-0.09,탁구
78,696,3,0.69,영화 감상
13,672,4,-0.57,문제 풀이
120,326,3,0.2,외국어 공부
23,236,5,-0.83,요가
91,214,4,-0.74,플래너 작성
68,676,1,0.2,목표 설정
19,275,2,-0.21,건강한 식사
117,731,2,0.99,영화 감상
39,483,3,-0.57,줄넘기
102,215,2,-0.04,건강한 식사
90,526,5,-0.85,수영
61,767,4,0.19,요리하기
91,344,4,-0.55,필라테스
33,283,2,-0.04,농구
47,427,2,0.07,악기 연주
81,71,1,0.57,배드민턴
77,196,4,0.95,탁구
117,175,1,-0.22,수면 습관
81,694,1,0.39,댄스
78,607,5,0.33,그림 그리기
6,711,1,0.39,농구
19,666,4,-0.69,그림 그리기
112,268,2,-0.32,웨이트 트레이닝
16,765,2,0.54,필라테스
93,414,2,0.29,줄넘기
87,595,4,-0.28,수영
31,66,3,-0.89,요가
20,331,2,0.95,댄스
89,689,1,0.09,강의 듣기
13,575,5,-0.87,축구
97,99,5,-0.43,건강한 식사
11,54,1,-0.2,게임
34,727,4,0.29,그림 그리기
49,322,4,0.25,배드민턴
63,430,4,0.39,축구
27,27,1,-0.7,코딩 연습
91,435,1,-0.08,테니스
82,610,2,0.32,건강한 식사
45,271,5,0.0,배드민턴
60,401,5,-0.51,사진 찍기
101,349,2,0.98,클라이밍
5,775,5,0.47,사이클링
46,616,1,0.78,요가
31,29,2,-0.14,문제 풀이
54,595,1,0.72,목표 설정
103,110,2,-0.09,웨이트 트레이닝
79,57,1,-0.13,필라테스
119,27,3,0.71,수면 습관
29,368,1,-0.31,목표 설정
23,373,3,-0.3,축구
84,15,5,0.57,악기 연주
36,478,5,-0.24,줄넘기
17,501,2,-0.18,필라테스
56,468,4,-0.69,배드민턴
86,141,5,-0.93,스트레칭
94,131,4,-0.02,플래너 작성
21,583,4,-0.34,수면 습관
97,173,3,0.17,코딩 연습
52,632,4,0.36,테니스
46,712,2,-0.49,목표 설정
87,102,5,0.15,테니스
95,59,3,0.4,요리하기
29,298,5,0.52,독서
113,150,4,0.05,플래너 작성
97,757,5,0.54,일기쓰기
71,151,2,-0.29,사이클링
70,320,5,-0.76,배드민턴
86,84,2,-0.4,플래너 작성
108,655,4,0.88,댄스
108,98,5,-0.18,댄스
35,498,5,-0.68,목표 설정
24,326,3,-0.54,줄넘기
44,408,1,-0.95,스트레칭
95,310,5,-0.97,독서
38,652,2,-0.61,줄넘기
66,620,4,-0.52,독서
62,215,3,0.81,배드민턴
118,377,2,0.09,달리기
53,749,4,-0.58,목표 설정
56,792,2,0.38,사진 찍기
31,285,5,0.43,목표 설정
32,106,1,-0.54,사이클링
93,535,1,-0.33,건강한 식사
34,52,1,-0.89,강의 듣기
59,436,5,0.9,테니스
48,461,2,-0.75,영화 감상
103,636,3,0.26,코딩 연습
32,198,5,0.29,사이클링
70,753,4,0.05,영화 감상
96,445,5,-0.99,테니스
87,636,5,-0.32,문제 풀이
40,748,1,0.41,수영
101,415,5,-0.28,클라이밍
24,375,2,-0.77,게임
95,202,1,-0.26,축구
62,129,1,0.5,수영
59,194,4,-0.18,스트레칭
96,593,5,-0.69,탁구
90,586,4,-0.6,명상
42,474,5,-0.54,테니스
41,618,1,-0.63,수영
76,576,5,-0.91,강의 듣기
20,585,4,0.18,코딩 연습
80,363,5,-0.6,수면 습관
115,476,5,-0.63,댄스
110,596,4,0.03,필라테스
113,571,4,-0.8,문제 풀이
86,307,3,-0.03,게임
69,357,1,-0.21,강의 듣기
5,485,1,-0.01,악기 연주
58,66,3,-0.3,강의 듣기
63,694,1,0.52,요가
78,798,3,-0.08,물 많이 마시기
28,514,1,-0.97,강의 듣기
100,52,2,0.85,요가
23,200,1,-0.76,영화 감상
89,647,3,0.18,사이클링
59,544,3,-0.21,수면 습관
16,473,1,0.64,플래너 작성
83,756,3,0.62,일기쓰기
67,67,1,-0.04,문제 풀이
15,640,2,0.57,테니스
93,740,2,-0.36,수면 습관
59,512,2,-0.2,배드민턴
22,219,4,-0.77,목표 설정
33,35,3,0.13,명상
110,578,3,0.5,플래너 작성
14,416,4,-0.35,플래너 작성
19,40,4,-0.34,강의 듣기
88,543,4,0.47,댄스
71,595,3,-0.56,댄스
113,243,3,-0.59,악기 연주
42,771,2,-0.63,테니스
95,739,4,0.28,영화 감상
14,662,5,-1.0,댄스
21,444,4,0.47,스트레칭
52,203,5,-0.04,외국어 공부
7,790,2,0.85,요가
21,768,5,-0.09,코딩 연습
93,23,1,-0.93,배드민턴
15,268,5,-0.28,문제 풀이
103,407,3,0.57,달리기
78,278,2,-0.24,탁구
50,705,4,0.35,건강한 식사
65,507,4,0.38,독서
118,546,3,-0.72,강의 듣기
57,207,3,-1.0,명상
85,680,2,-0.56,문제 풀이
103,27,3,0.42,플래너 작성
111,29,2,-0.48,테니스
65,505,1,-0.94,문제 풀이
12,436,3,0.99,강의 듣기
49,656,5,-0.8,일기쓰기
84,31,1,-0.69,게임
63,722,1,0.89,물 많이 마시기
87,720,3,-0.36,클라이밍
60,523,1,0.46,목표 설정
88,689,1,0.08,요리하기
12,443,3,-0.89,일기쓰기
89,748,4,0.56,농구
38,358,3,-0.84,요리하기
29,248,1,-0.66,플래너 작성
38,624,3,-0.34,스트레칭
110,329,3,0.63,수면 습관
102,637,3,0.41,일기쓰기
100,627,2,-0.01,테니스
5,17,1,0.81,탁구
76,267,1,-0.82,문제 풀이
98,70,3,0.75,탁구
73,737,3,0.3,독서
92,174,1,0.42,강의 듣기
35,416,3,0.42,목표 설정
49,496,4,0.06,영화 감상
44,67,5,0.48,물 많이 마시기
115,577,1,0.04,강의 듣기
25,500,4,0.14,물 많이 마시기
86,765,2,0.1,댄스
79,337,1,-0.01,게임
80,659,1,-0.06,수면 습관
9,512,2,-0.29,독서
12,207,4,0.01,영화 감상
106,326,4,0.81,농구
66,78,1,-0.99,사진 찍기
46,586,3,-0.61,그림 그리기
34,200,1,-0.4,플래너 작성
120,243,2,-0.92,수면 습관
88,717,5,0.13,물 많이 마시기
99,88,4,-0.42,명상
21,225,1,-0.86,달리기
45,74,4,0.95,강의 듣기
43,504,3,0.75,강의 듣기
84,296,3,0.85,그림 그리기
42,235,3,-0.56,수면 습관
80,684,5,-0.56,외국어 공부
64,37,4,0.07,댄스
110,151,1,-0.89,탁구
61,145,4,-0.04,테니스
60,237,4,-0.95,건강한 식사
120,690,5,0.66,일기쓰기
120,296,1,0.17,축구
117,615,1,0.15,영화 감상
9,144,4,-0.33,문제 풀이
94,701,5,0.12,요가
97,284,4,-0.29,플래너 작성
69,691,3,-0.29,목표 설정
79,81,5,0.87,배드민턴
102,225,1,-0.89,달리기
38,721,2,-0.67,그림 그리기
93,590,5,-0.47,게임
107,774,2,0.2,수면 습관
118,173,2,-0.36,코딩 연습
107,710,2,0.84,클라이밍
80,222,3,-0.2,악기 연주
29,335,2,-0.4,독서
21,132,1,-0.91,문제 풀이
99,489,2,0.39,사진 찍기
78,96,5,-0.14,플래너 작성
10,403,4,-0.73,영화 감상
110,135,2,-0.61,일기쓰기
82,791,2,0.4,목표 설정
28,121,1,0.14,배드민턴
113,488,4,-0.1,강의 듣기
107,179,3,0.03,문제 풀이
94,582,5,-0.95,달리기
29,43,5,-0.99,수영
113,800,5,-0.18,스트레칭
116,496,1,0.81,사이클링
72,642,2,-0.94,영화 감상
31,549,1,0.04,농구
87,429,3,-0.11,클라이밍
107,798,2,0.92,달리기
53,287,5,0.13,건강한 식사
37,315,5,-0.31,강의 듣기
111,268,5,0.96,요가
42,675,3,0.21,악기 연주
37,406,5,-0.2,축구
40,374,3,0.02,목표 설정
57,487,2,-0.11,악기 연주
31,186,2,0.25,명상
32,238,3,-0.9,물 많이 마시기
83,65,5,-0.49,악기 연주
20,52,3,-0.94,영화 감상
94,128,5,0.58,사이클링
115,394,4,0.97,탁구
29,102,4,0.55,목표 설정
16,293,1,0.25,클라이밍
67,201,4,-0.08,농구
104,26,5,0.46,영화 감상
67,535,2,-0.35,독서
98,68,4,-0.7,강의 듣기
33,178,3,0.37,테니스
26,115,3,0.76,문제 풀이
75,613,4,0.86,달리기
24,291,3,-0.05,테니스
85,616,5,-0.05,악기 연주
118,694,1,-0.05,탁구
30,290,1,-0.53,탁구
11,369,3,0.98,테니스
97,232,1,0.04,요가
90,453,2,0.79,테니스
61,762,4,0.18,목표 설정
119,520,1,-0.45,필라테스
9,226,1,-0.28,줄넘기
34,133,1,-0.94,사진 찍기
50,668,3,0.1,물 많이 마시기
11,262,5,0.38,목표 설정
30,780,3,0.93,문제 풀이
84,98,3,-0.31,그림 그리기
83,39,2,-0.7,영화 감상
9,292,3,-0.24,축구
101,325,3,0.26,웨이트 트레이닝
62,88,5,-0.65,필라테스
42,60,4,-0.44,강의 듣기
111,67,5,-0.51,외국어 공부
65,528,3,0.61,영화 감상
8,554,3,-0.27,명상
31,341,4,0.93,배드민턴
88,20,1,-0.88,건강한 식사
50,483,4,0.25,강의 듣기
37,669,1,0.72,목표 설정
77,145,2,0.86,웨이트 트레이닝
101,126,3,-0.02,사이클링
30,635,4,-0.83,물 많이 마시기
116,748,4,-0.38,독서
30,428,2,0.97,게임
32,76,3,0.9,댄스
81,796,2,0.39,스트레칭
92,482,5,-0.85,배드민턴
44,582,2,0.29,독서
119,48,3,-0.63,달리기
11,94,1,-0.14,목표 설정
63,288,4,0.45,필라테스
66,370,3,-0.05,일기쓰기
96,29,4,0.15,요리하기
19,763,3,0.24,게임
99,290,4,-0.81,축구
92,105,1,0.06,독서
101,321,5,-0.62,사진 찍기
49,591,5,-0.85,강의 듣기
61,776,2,0.15,영화 감상
73,495,1,0.89,줄넘기
80,681,3,0.8,일기쓰기
30,30,4,-0.71,축구
108,115,1,0.98,사이클링
30,110,5,-0.89,건강한 식사
19,200,3,0.4,코딩 연습
87,307,4,0.3,댄스
108,646,2,-0.06,클라이밍
69,727,3,0.6,악기 연주
66,251,5,-0.64,독서
82,366,3,-0.29,웨이트 트레이닝
59,99,5,0.42,플래너 작성
112,237,3,0.43,플래너 작성
66,208,3,-0.62,외국어 공부
96,121,4,-0.67,독서
37,106,5,-0.54,요가
73,459,3,-0.47,테니스
48,60,5,-0.64,그림 그리기
29,456,4,0.73,목표 설정
23,228,3,-0.6,축구
82,505,3,-0.54,건강한 식사
67,33,5,0.29,요가
96,411,1,0.36,게임
85,139,1,0.98,축구
88,74,2,0.39,달리기
27,712,5,0.66,필라테스
15,344,5,0.31,줄넘기
19,641,1,0.91,그림 그리기
51,222,1,0.23,수면 습관
92,405,4,0.35,축구
107,401,3,-0.42,사이클링
91,347,5,0.28,요가
32,322,1,-0.34,수영
44,734,3,-0.01,댄스
99,62,2,0.39,플래너 작성
52,185,1,-0.41,강의 듣기
7,49,4,0.57,웨이트 트레이닝
18,415,3,-0.48,강의 듣기
27,580,1,0.48,명상
101,379,1,0.12,테니스
50,395,1,-0.54,영화 감상
52,225,3,-0.57,배드민턴
25,356,1,0.58,악기 연주
51,792,2,0.4,게임
96,688,3,0.45,달리기
55,81,1,0.33,플래너 작성
52,507,5,-0.14,필라테스
50,214,1,0.65,요가
48,799,4,-0.31,줄넘기
118,333,1,0.44,댄스
92,570,3,-0.9,강의 듣기
22,538,1,-0.38,웨이트 트레이닝
12,501,4,0.27,물 많이 마시기
59,587,4,0.41,물 많이 마시기
36,692,1,-0.32,테니스
47,246,5,0.71,독서
88,647,2,0.05,줄넘기
50,160,3,0.99,목표 설정
31,177,5,0.53,코딩 연습
39,101,5,-0.22,건강한 식사
8,624,4,-0.94,명상
116,134,3,-0.06,명상
75,319,3,0.87,물 많이 마시기
11,165,3,-0.46,배드민턴
79,625,1,-0.61,코딩 연습
26,139,5,-0.6,사이클링
68,700,3,0.18,테니스
61,313,2,-0.45,게임
110,205,5,-0.37,탁구
111,467,3,0.41,농구
96,739,1,0.77,코딩 연습
79,416,4,-0.93,물 많이 마시기
38,73,1,-0.81,건강한 식사
40,697,5,-0.97,사진 찍기
64,659,5,0.19,사진 찍기
40,376,2,0.24,달리기
9,119,5,-0.34,플래너 작성
97,246,1,0.5,웨이트 트레이닝
47,14,4,-0.88,영화 감상
12,695,3,-0.63,수면 습관
80,34,4,-0.96,축구
9,144,5,-0.34,줄넘기
79,250,1,-0.04,문제 풀이
39,112,2,0.03,수면 습관
28,620,5,-0.63,배드민턴
11,13,3,-0.91,사진 찍기
48,617,3,0.64,스트레칭
25,359,5,0.42,외국어 공부
67,290,1,0.52,달리기
56,130,4,-0.34,줄넘기
59,493,2,0.85,악기 연주
76,295,2,0.53,클라이밍
43,309,2,0.33,스트레칭
43,506,2,-0.31,필라테스
101,509,4,0.51,요리하기
21,463,3,0.43,클라이밍
60,745,1,-0.9,탁구
78,568,4,0.33,건강한 식사
17,324,3,0.71,강의 듣기
20,132,5,0.71,클라이밍
33,252,1,0.07,줄넘기
55,726,4,0.9,댄스
79,49,2,0.13,줄넘기
28,300,1,-0.15,사이클링
92,328,3,0.52,문제 풀이
63,198,4,-0.82,줄넘기
52,364,1,0.36,목표 설정
32,150,3,-0.74,축구
46,47,1,-0.96,사진 찍기
49,531,3,-0.45,강의 듣기
103,748,3,0.87,그림 그리기
52,209,1,0.99,배드민턴
43,157,4,-0.72,테니스
113,704,1,-0.2,필라테스
113,211,4,0.56,그림 그리기
114,183,3,0.9,강의 듣기
80,794,5,0.88,게임
87,517,2,-0.91,독서
102,178,5,0.43,영화 감상
23,547,5,-0.08,목표 설정
110,338,2,0.8,명상
47,202,3,-0.82,달리기
7,226,5,0.95,요리하기
46,196,1,0.49,농구
83,11,3,0.7,줄넘기
101,320,3,0.47,테니스
97,480,4,0.93,목표 설정
24,789,1,-0.01,건강한 식사
78,237,1,-0.75,달리기
58,266,3,-0.01,목표 설정
92,613,2,0.35,달리기
15,219,2,-0.35,외국어 공부
22,489,4,0.36,수면 습관
86,89,2,0.01,영화 감상
111,687,3,-0.02,줄넘기
26,630,5,-0.82,영화 감상
17,425,4,-0.97,농구
82,255,3,-0.35,게임
79,97,4,-0.08,강의 듣기
99,547,2,0.73,목표 설정
67,293,1,0.95,배드민턴
21,378,3,0.69,외국어 공부
43,259,5,-0.24,외국어 공부
9,397,1,-0.04,농구
120,224,4,-0.4,그림 그리기
94,274,5,-0.4,명상
104,715,3,0.39,댄스
61,634,3,0.36,축구
105,274,5,-0.13,배드민턴
69,497,5,0.11,탁구
40,230,3,-0.6,게임
84,615,5,-0.44,악기 연주
120,241,3,0.63,일기쓰기
36,123,3,0.55,축구
43,428,4,0.84,요리하기
72,495,5,-0.18,플래너 작성
64,548,1,0.78,스트레칭
48,218,4,-0.81,악기 연주
47,221,2,-0.01,탁구
15,574,3,0.78,악기 연주
62,433,3,-0.72,코딩 연습
27,311,4,-0.38,축구
102,158,5,0.28,일기쓰기
61,127,5,-0.11,강의 듣기
32,303,4,-0.85,요가
10,527,1,0.05,그림 그리기
31,391,4,-0.43,클라이밍
80,421,3,-0.59,게임
104,745,1,-0.08,목표 설정
36,447,3,0.2,요가
26,684,5,0.34,영화 감상
116,317,3,-0.12,줄넘기
90,531,3,-0.96,필라테스
23,19,1,0.41,사이클링
108,492,4,-0.79,수면 습관
92,621,5,-0.4,요가
87,120,5,-0.69,영화 감상
27,246,2,-0.0,건강한 식사
65,794,1,-0.29,요가
42,737,5,0.85,사이클링
47,97,5,0.05,댄스
11,237,4,-0.3,배드민턴
80,542,4,0.9,줄넘기
112,482,2,0.39,사진 찍기
11,435,4,-0.61,강의 듣기
47,102,4,0.45,건강한 식사
7,779,4,0.98,목표 설정
82,285,3,0.72,게임
15,52,4,0.46,그림 그리기
64,61,4,0.61,축구
88,351,1,0.41,수영
64,645,5,-0.7,요리하기
46,726,2,0.97,명상
14,557,4,-0.81,수영
60,141,3,-0.66,일기쓰기
9,404,2,0.79,클라이밍
29,752,5,0.02,수영
55,232,3,0.48,배드민턴
76,522,4,-0.73,사진 찍기
16,632,2,-0.32,배드민턴
116,210,1,0.5,사진 찍기
18,434,3,0.67,배드민턴
35,578,5,-0.02,외국어 공부
76,609,4,-0.08,댄스
108,310,2,0.6,요리하기
103,800,2,-0.07,목표 설정
57,456,2,0.82,배드민턴
106,558,3,0.94,테니스
36,653,3,0.82,댄스
17,518,5,-0.54,요가
63,126,3,-0.92,클라이밍
52,769,1,0.96,사진 찍기
109,477,1,-0.23,코딩 연습
96,364,3,0.19,수영
50,390,2,-0.99,사이클링
98,165,3,0.62,웨이트 트레이닝
71,637,4,0.47,일기쓰기
54,143,5,-0.52,문제 풀이
119,165,2,0.43,배드민턴
18,667,5,-0.1,요리하기
108,666,1,-0.36,강의 듣기
43,448,5,0.2,필라테스
82,146,4,-0.9,게임
50,43,3,-0.49,웨이트 트레이닝
64,249,3,0.8,요리하기
63,568,5,0.47,농구
55,243,3,-0.39,사이클링
37,738,4,-0.85,강의 듣기
98,504,1,-0.97,악기 연주
82,17,4,-0.36,사이클링
55,406,5,-0.52,배드민턴
31,471,2,-0.06,웨이트 트레이닝
100,35,4,0.17,코딩 연습
6,184,3,-0.66,웨이트 트레이닝
17,627,3,0.17,수영
11,129,1,0.98,외국어 공부
47,712,5,-0.68,수영
30,378,4,-0.12,목표 설정
29,271,1,-0.5,사진 찍기
48,308,3,-0.3,줄넘기
91,447,5,0.29,영화 감상
31,92,4,-0.32,강의 듣기
116,399,5,0.4,배드민턴
97,32,2,-0.09,웨이트 트레이닝
68,107,2,0.26,축구
7,571,5,-0.95,댄스
47,519,2,0.16,건강한 식사
100,381,2,-0.26,스트레칭
103,277,3,0.94,스트레칭
66,143,2,0.21,농구
41,339,5,-0.59,물 많이 마시기
91,272,2,-0.85,영화 감상
21,795,3,0.46,문제 풀이
62,144,4,-0.66,필라테스
28,54,2,0.74,건강한 식사
33,552,2,-0.69,그림 그리기
47,235,4,0.57,플래너 작성
74,758,4,0.43,물 많이 마시기
65,710,3,-0.22,웨이트 트레이닝
66,388,2,0.63,물 많이 마시기
71,717,2,0.28,수면 습관
49,735,3,0.49,탁구
38,641,2,-0.23,명상
9,452,3,0.28,수면 습관
28,631,3,-0.25,목표 설정
85,507,3,-0.39,스트레칭
80,735,4,-0.09,요가
84,28,1,-0.56,탁구
61,700,3,0.77,사진 찍기
49,317,1,0.92,클라이밍
65,565,1,0.55,외국어 공부
73,213,1,-0.61,목표 설정
67,39,5,0.53,강의 듣기
9,451,5,0.92,웨이트 트레이닝
83,201,1,0.59,그림 그리기
56,61,2,-0.33,요가
60,748,5,-0.3,클라이밍
36,532,3,-0.91,댄스
57,183,5,0.15,외국어 공부
71,480,3,0.44,문제 풀이
71,233,5,0.9,사진 찍기
53,487,4,0.89,명상
35,548,5,0.57,독서
96,500,3,-0.53,줄넘기
78,693,5,0.1,축구
6,279,2,0.67,축구
52,349,3,0.78,독서
28,480,1,0.89,게임
51,56,4,0.6,요가
32,536,4,0.12,수영
57,382,5,-0.52,요가
26,385,3,-0.31,필라테스
106,260,1,-0.43,목표 설정
67,700,3,-0.48,수면 습관
40,704,5,-0.49,테니스
105,647,4,0.26,게임
44,476,1,-0.09,물 많이 마시기
68,487,4,-0.98,줄넘기
18,734,5,-0.59,악기 연주
19,108,2,0.13,그림 그리기
102,200,3,-0.74,명상
100,62,5,-0.55,수면 습관
93,792,1,0.99,사이클링
5,301,1,-0.24,필라테스
76,565,5,-0.45,달리기
42,35,4,-0.23,외국어 공부
116,585,4,-0.32,웨이트 트레이닝
75,281,5,0.7,댄스
111,601,4,-1.0,외국어 공부
90,97,1,0.13,테니스
41,447,3,-0.32,건강한 식사
64,726,2,0.34,스트레칭
106,618,3,-0.32,명상
101,139,1,-0.78,독서
71,104,1,-0.89,코딩 연습
46,691,5,-0.43,테니스
82,21,3,-0.15,줄넘기
109,717,4,-0.59,명상
86,748,3,0.37,물 많이 마시기
109,397,4,0.81,웨이트 트레이닝
71,334,5,0.48,요리하기
9,438,2,0.92,강의 듣기
52,251,4,0.94,그림 그리기
47,269,5,-0.83,독서
106,779,1,0.64,필라테스
53,666,2,0.3,달리기
58,243,4,-0.88,스트레칭
69,343,4,-0.9,게임
81,184,2,-0.66,문제 풀이
80,646,1,0.54,악기 연주
101,388,5,0.45,필라테스
40,331,2,-0.63,댄스
65,686,2,0.59,클라이밍
26,301,3,-0.12,웨이트 트레이닝
18,225,1,0.31,배드민턴
106,170,1,-0.25,클라이밍
51,144,4,0.89,요가
18,411,1,0.04,목표 설정
119,673,4,-0.56,수영
102,566,4,0.08,댄스
41,460,2,-0.93,테니스
26,398,3,0.73,독서
6,196,4,0.67,댄스
115,674,1,-0.63,필라테스
67,235,1,-0.14,건강한 식사
113,246,4,0.45,독서
30,300,2,-0.98,일기쓰기
99,518,4,-0.13,스트레칭
9,665,5,0.68,요리하기
69,46,3,-0.99,클라이밍
93,798,5,0.99,필라테스
56,183,4,-0.12,스트레칭
59,380,4,-0.61,독서
28,163,3,-0.49,게임
43,63,2,0.43,요가
55,676,1,0.48,영화 감상
29,537,2,0.32,악기 연주
110,608,5,-0.21,일기쓰기
68,15,1,-0.48,일기쓰기
40,571,5,0.08,독서
94,110,4,0.91,달리기
117,70,3,-0.02,코딩 연습
35,703,2,0.98,물 많이 마시기
56,265,1,-0.58,영화 감상
76,735,5,-0.19,탁구
100,744,5,0.68,수영
76,307,5,0.56,배드민턴
14,37,3,0.63,스트레칭
44,263,3,0.21,축구
91,652,2,-0.7,농구
95,557,2,0.22,사이클링
116,445,1,-0.72,탁구
50,342,1,-0.85,악기 연주
39,183,4,0.75,수영
78,200,5,-0.61,줄넘기
100,704,2,-0.77,요가
47,285,2,1.0,배드민턴
42,630,5,0.95,강의 듣기
92,448,2,-0.25,수면 습관
75,200,1,-0.38,축구
7,665,4,-0.86,그림 그리기
98,97,5,0.31,물 많이 마시기
53,22,4,0.52,목표 설정
37,480,5,-0.24,외국어 공부
63,54,2,0.34,수영
115,291,2,0.42,문제 풀이
57,135,3,-0.98,물 많이 마시기
25,349,1,-0.2,독서
100,200,3,0.22,배드민턴
38,636,5,0.07,농구
54,162,2,0.95,웨이트 트레이닝
64,446,2,-0.88,강의 듣기
14,413,5,0.86,테니스
65,386,5,-0.32,강의 듣기
87,57,3,0.98,요가
97,290,1,-0.06,클라이밍
20,687,1,-0.79,플래너 작성
118,749,4,0.77,코딩 연습
43,430,5,0.4,목표 설정
22,144,5,0.83,사진 찍기
9,119,3,0.85,영화 감상
63,57,2,-0.43,사이클링
25,192,5,0.36,수면 습관
12,69,1,0.79,문제 풀이
37,468,5,0.32,농구
62,511,1,0.85,수영
92,167,1,-0.52,탁구
58,674,5,-0.74,클라이밍
83,421,3,-0.4,달리기
109,722,3,0.31,건강한 식사
98,216,4,0.13,물 많이 마시기
41,47,5,-0.63,게임
114,317,4,0.59,스트레칭
95,605,2,-0.95,농구
71,638,4,0.53,강의 듣기
74,633,4,-0.93,수면 습관
41,381,1,1.0,테니스
12,260,1,-0.5,달리기
119,19,4,-0.35,그림 그리기
96,282,3,0.12,줄넘기
78,191,5,0.94,일기쓰기
20,162,3,0.86,사이클링
47,749,3,0.21,요가
27,616,3,-0.57,웨이트 트레이닝
8,619,5,-0.79,필라테스
61,153,1,-0.39,독서
40,438,5,0.53,독서
64,730,3,-0.81,악기 연주
17,252,3,0.23,배드민턴
69,135,3,-0.81,목표 설정
56,34,1,-0.65,줄넘기
25,181,5,0.45,플래너 작성
102,504,2,-0.16,스트레칭
17,412,1,-0.71,독서
94,384,2,0.81,목표 설정
101,123,2,0.9,필라테스
112,704,5,-0.36,댄스
75,274,3,0.31,독서
98,520,2,0.48,독서
105,498,2,0.7,악기 연주
15,546,3,0.78,그림 그리기
80,406,4,0.45,건강한 식사
23,335,1,-0.41,사이클링
45,700,1,-0.9,댄스
28,17,3,0.48,요리하기
79,142,3,0.74,달리기
110,355,1,-0.33,수면 습관
67,55,1,0.71,테니스
39,734,5,0.99,물 많이 마시기
101,749,4,0.6,그림 그리기
34,291,1,0.26,명상
95,441,1,0.1,독서
25,155,1,-0.48,테니스
53,574,5,-0.13,독서
53,780,2,-0.99,수면 습관
114,692,4,-0.65,클라이밍
62,229,2,0.81,코딩 연습
95,39,4,0.27,웨이트 트레이닝
117,318,1,0.3,축구
51,713,3,-0.12,수면 습관
13,70,1,0.65,농구
39,149,5,-0.23,일기쓰기
9,692,5,-0.65,일기쓰기
94,384,3,-0.21,필라테스
44,157,3,0.05,물 많이 마시기
61,387,1,-0.56,탁구
93,95,4,-0.44,수영
73,655,1,-0.45,외국어 공부
53,13,3,-0.97,웨이트 트레이닝
24,18,5,-0.67,요가
46,733,3,-0.71,독서
110,523,2,-0.34,수영
118,768,1,-0.37,게임
85,649,4,-0.09,독서
112,33,3,-0.92,사이클링
72,546,4,0.98,달리기
67,214,4,-0.16,외국어 공부
45,566,4,-0.41,클라이밍
94,376,3,-0.22,건강한 식사
59,768,1,0.09,댄스
17,90,5,-0.02,독서
116,723,4,0.95,탁구
104,561,4,-0.91,외국어 공부
44,778,3,-0.95,필라테스
42,266,3,0.08,웨이트 트레이닝
9,416,2,0.31,수영
54,760,3,-0.22,줄넘기
87,607,5,-0.67,그림 그리기
108,238,2,-0.29,외국어 공부
103,425,1,-0.18,코딩 연습
74,119,4,0.46,클라이밍
96,160,1,-0.74,클라이밍
112,726,5,-0.12,물 많이 마시기
41,521,2,-0.84,물 많이 마시기
98,63,1,0.46,축구
37,220,1,0.78,웨이트 트레이닝
29,301,4,-0.43,게임
86,245,1,0.08,요가
29,502,3,-0.5,영화 감상
106,668,3,0.92,사진 찍기
117,280,4,-0.91,테니스
5,681,3,0.07,문제 풀이
92,756,2,0.12,악기 연주
115,95,4,-0.99,테니스
77,253,4,0.06,사이클링
92,228,4,0.4,사이클링
97,372,1,-0.66,명상
90,73,1,0.57,그림 그리기
41,557,1,0.97,스트레칭
91,732,2,-0.36,요리하기
16,393,5,0.83,축구
59,244,4,0.43,요가
31,383,5,-0.59,건강한 식사
55,276,4,-0.61,축구
12,608,3,-0.17,탁구
103,158,5,-0.49,스트레칭
107,175,5,0.29,웨이트 트레이닝
117,341,1,0.66,요리하기
27,545,4,0.55,일기쓰기
104,743,5,0.05,테니스
29,541,1,-0.73,플래너 작성
64,73,3,0.9,줄넘기
78,410,4,-0.72,외국어 공부
20,26,5,0.56,탁구
107,514,5,0.89,탁구
87,409,5,0.71,웨이트 트레이닝
80,436,1,0.69,댄스
79,245,2,0.38,스트레칭
44,60,2,-0.29,플래너 작성
109,350,4,-0.43,물 많이 마시기
23,576,5,-0.43,코딩 연습
112,674,3,-0.45,달리기
29,124,3,0.18,수영
99,638,5,-0.32,필라테스
35,465,1,0.35,외국어 공부
112,348,3,0.11,달리기
56,562,5,-0.47,축구
110,367,5,-0.86,일기쓰기
88,535,3,-0.73,수영
27,704,5,-0.64,필라테스
96,788,2,0.83,건강한 식사
11,732,4,-0.1,배드민턴
74,336,4,0.15,댄스
12,620,5,0.01,스트레칭
40,486,1,0.83,건강한 식사
30,10,4,-0.34,사진 찍기
75,228,5,0.47,배드민턴
115,32,4,-0.7,필라테스
120,750,1,0.6,탁구
27,779,2,0.32,스트레칭
82,320,4,0.59,영화 감상
119,789,1,0.09,배드민턴
108,365,3,-0.79,클라이밍
30,452,5,-0.62,코딩 연습
119,314,2,0.92,클라이밍
31,498,2,-0.36,일기쓰기
10,142,1,0.7,줄넘기
45,194,3,0.48,클라이밍
84,192,1,0.81,필라테스
26,708,4,0.79,문제 풀이
51,64,3,0.29,게임
113,608,1,-0.63,물 많이 마시기
7,47,1,0.36,일기쓰기
14,77,5,0.26,일기쓰기
57,756,2,0.05,건강한 식사
103,525,3,0.03,명상
116,89,4,0.13,악기 연주
11,761,5,0.74,영화 감상
100,548,2,0.9,탁구
8,328,5,-0.21,외국어 공부
14,225,2,0.56,웨이트 트레이닝
38,301,4,0.96,탁구
93,695,3,-0.1,요가
57,147,4,-0.64,그림 그리기
104,385,3,-0.14,웨이트 트레이닝
60,634,2,0.98,외국어 공부
86,600,3,0.72,요가
59,282,1,0.05,웨이트 트레이닝
63,454,1,-0.79,댄스
70,414,2,-0.33,클라이밍
35,260,5,-0.5,요가
46,452,3,0.1,줄넘기
45,469,4,0.61,플래너 작성
112,489,1,0.01,물 많이 마시기
110,491,3,-0.28,게임
41,282,3,-0.17,플래너 작성
77,213,1,-0.46,테니스
110,366,5,0.03,사진 찍기
63,178,3,-0.91,코딩 연습
119,356,3,0.41,플래너 작성
71,716,4,0.95,요리하기
89,563,1,0.85,요가
111,160,4,0.91,코딩 연습
95,521,2,0.33,영화 감상
25,668,5,-0.69,명상
96,332,2,0.6,클라이밍
78,171,5,0.9,사이클링
77,419,2,0.57,필라테스
50,296,1,0.32,요리하기
32,765,2,0.33,강의 듣기
50,475,2,-0.65,물 많이 마시기
23,220,3,0.35,배드민턴
59,602,4,-0.87,댄스
104,123,4,-0.83,사진 찍기
79,114,5,0.99,사이클링
73,175,3,0.45,물 많이 마시기
119,46,3,0.56,악기 연주
12,583,1,0.0,건강한 식사
67,287,1,0.98,코딩 연습
8,696,1,-0.12,필라테스
47,380,2,-0.71,요가
69,401,3,-0.87,목표 설정
97,77,2,0.57,수면 습관
95,468,2,-0.97,요리하기
22,25,4,0.77,독서
61,10,5,0.6,영화 감상
76,552,5,0.07,농구
54,217,3,0.25,배드민턴
113,374,3,-0.61,수영
106,428,3,-0.92,사이클링
18,767,1,0.67,스트레칭
39,254,2,-0.05,탁구
38,84,1,0.41,클라이밍
35,476,4,0.36,달리기
87,661,5,-0.33,플래너 작성
53,503,1,0.51,물 많이 마시기
45,516,5,0.35,사진 찍기
100,283,5,-0.95,축구
103,101,1,-0.3,사이클링
5,96,1,-0.74,게임
111,266,3,-0.53,스트레칭
115,409,2,0.57,클라이밍
5,539,2,-0.52,테니스
107,502,1,0.87,요리하기
35,584,4,-0.36,수영
85,450,4,-0.11,줄넘기
15,154,4,-0.84,영화 감상
82,301,2,0.11,외국어 공부
55,489,5,0.75,농구
61,378,5,-0.46,요가
72,413,4,0.1,탁구
90,703,2,-0.81,사진 찍기
17,526,5,0.84,필라테스
72,733,4,-0.81,요리하기
109,97,4,0.97,명상
71,16,4,-0.63,악기 연주
37,561,1,0.54,스트레칭
33,439,2,-0.04,악기 연주
56,775,3,0.48,문제 풀이
44,549,5,-0.86,악기 연주
116,513,4,-0.76,줄넘기
31,594,5,-0.56,그림 그리기
81,762,2,0.89,탁구
110,538,5,-0.14,일기쓰기
34,150,4,-0.16,악기 연주
113,651,3,0.62,수영
46,293,2,-0.98,문제 풀이
87,676,1,0.17,악기 연주
106,673,1,-0.97,수영
98,765,4,-0.32,요리하기
18,480,4,0.96,영화 감상
5,796,4,-0.64,줄넘기
109,589,4,0.39,요리하기
13,231,4,-0.92,웨이트 트레이닝
65,598,2,0.89,수면 습관
19,785,5,-0.06,웨이트 트레이닝
55,172,2,-0.64,사이클링
28,711,1,-0.43,농구
49,522,1,-0.75,영화 감상
61,786,2,-0.02,게임
120,773,1,-0.66,요가
119,496,4,-0.86,탁구
110,21,3,-0.09,수영
10,518,3,0.8,그림 그리기
25,626,2,0.56,그림 그리기
40,173,4,-0.64,필라테스
55,206,1,-0.2,요가
95,715,4,0.48,건강한 식사
74,660,3,0.51,악기 연주
102,629,3,0.7,필라테스
103,325,1,0.65,요가
14,135,1,-0.38,문제 풀이
93,739,4,-0.32,농구
109,655,5,-0.14,사이클링
100,368,2,-0.81,클라이밍
118,597,4,-0.17,클라이밍
82,569,5,0.44,달리기
53,61,5,0.1,클라이밍
55,52,1,0.11,스트레칭
46,291,3,-0.67,클라이밍
47,684,5,-0.48,독서
32,484,1,0.88,달리기
18,526,4,-0.04,달리기
105,790,4,0.43,요리하기
72,582,3,0.19,배드민턴
104,663,3,0.84,플래너 작성
11,331,3,0.03,사이클링
85,588,4,-0.29,요가
48,595,3,-0.96,줄넘기
6,80,2,0.35,댄스
11,652,4,0.33,그림 그리기
35,700,2,-0.0,코딩 연습
56,61,2,-0.28,줄넘기
78,691,4,-0.83,테니스
82,448,1,0.29,악기 연주
18,723,5,-0.49,사이클링
23,724,1,0.44,명상
71,96,2,-0.41,필라테스
55,216,3,-0.64,탁구
32,615,4,0.25,독서
35,65,1,0.31,게임
21,352,2,0.98,필라테스
39,508,5,-0.77,문제 풀이
109,643,5,0.52,배드민턴
100,330,4,-0.8,사이클링
13,321,1,0.96,건강한 식사
98,244,1,-0.29,축구
15,78,3,0.74,테니스
67,312,5,-0.57,게임
98,224,1,-0.88,요가
14,473,1,-0.07,댄스
67,471,2,-0.08,댄스
15,199,5,0.87,달리기
102,81,5,-0.7,영화 감상
81,55,4,0.53,악기 연주
21,524,4,0.16,댄스
111,276,4,0.23,댄스
59,416,2,-0.23,명상
113,472,2,-0.79,게임
52,574,4,-0.63,달리기
77,72,5,-0.37,외국어 공부
47,190,2,0.39,문제 풀이
106,615,4,-0.3,요리하기
57,755,2,-0.55,줄넘기
119,229,1,0.4,물 많이 마시기
6,314,4,0.78,농구
20,458,2,0.16,사진 찍기
60,213,3,0.72,테니스
33,458,1,0.8,강의 듣기
6,417,2,-0.61,코딩 연습
17,682,3,0.35,코딩 연습
120,416,2,0.51,독서
58,354,2,-0.22,스트레칭
117,645,2,-0.15,테니스
104,15,3,0.24,요리하기
90,757,4,-0.52,수영
81,740,1,-0.5,영화 감상
32,244,3,-0.47,수면 습관
21,219,4,0.32,댄스
15,127,5,0.86,웨이트 트레이닝
29,267,4,0.67,테니스
30,727,1,0.44,탁구
88,292,1,-0.14,웨이트 트레이닝
71,175,1,-0.49,영화 감상
20,392,5,0.88,일기쓰기
95,628,2,0.06,스트레칭
71,133,2,0.16,수면 습관
57,536,4,-0.56,필라테스
120,511,2,0.97,독서
75,117,2,0.2,댄스
51,38,1,0.49,테니스
41,23,3,-0.56,일기쓰기
40,102,4,-0.8,축구
26,424,3,0.65,외국어 공부
44,588,1,-0.76,명상
24,694,4,-0.93,목표 설정
84,706,3,0.72,외국어 공부
60,273,3,0.79,코딩 연습
99,611,5,-0.07,게임
36,36,5,0.08,문제 풀이
26,398,5,0.01,물 많이 마시기
16,663,2,0.33,탁구
112,309,3,0.57,축구
29,196,1,0.07,달리기
108,385,2,0.34,농구
113,422,4,-0.89,목표 설정
29,680,4,0.71,달리기
31,607,1,0.69,문제 풀이
118,753,5,-0.4,명상
9,250,2,-0.1,플래너 작성
13,582,2,0.58,건강한 식사
7,664,1,0.26,수면 습관
101,703,2,-0.44,수면 습관
107,129,1,0.34,영화 감상
45,696,3,0.41,사이클링
65,791,1,-0.11,배드민턴
30,319,5,0.97,사이클링
41,799,4,0.45,외국어 공부
23,70,5,0.44,문제 풀이
34,581,1,0.88,웨이트 트레이닝
76,462,5,0.45,줄넘기
92,769,5,0.97,댄스
54,553,3,-0.3,요리하기
64,319,2,-0.38,수면 습관
89,673,3,-0.46,사진 찍기
103,248,4,0.08,수면 습관
110,282,3,-0.16,웨이트 트레이닝
68,629,5,-0.66,수영
39,484,4,0.93,탁구
107,88,3,0.73,스트레칭
102,771,2,-0.0,코딩 연습
85,548,1,-0.73,외국어 공부
83,408,2,0.82,웨이트 트레이닝
81,264,3,-0.81,문제 풀이
77,135,3,0.92,코딩 연습
39,230,5,0.32,필라테스
36,582,3,-0.45,스트레칭
72,400,3,-0.1,축구
110,107,1,0.31,배드민턴
45,577,4,-0.6,달리기
38,366,2,-0.88,달리기
45,453,4,0.99,클라이밍
61,330,3,0.42,배드민턴
50,216,3,0.75,요리하기
20,48,5,0.04,그림 그리기
32,590,2,0.69,목표 설정
20,254,3,0.98,문제 풀이
25,341,2,0.09,사진 찍기
76,394,3,-0.8,독서
120,238,1,0.82,농구
108,652,2,0.27,코딩 연습
97,539,4,-0.62,필라테스
60,455,3,-0.06,강의 듣기
24,797,4,-0.64,요리하기
19,106,2,0.82,사이클링
86,106,2,0.39,물 많이 마시기
59,120,2,-0.27,요리하기
25,86,4,0.08,악기 연주
110,796,3,0.38,댄스
15,396,4,0.67,요리하기
53,338,3,-0.97,스트레칭
31,652,3,-0.04,클라이밍
50,25,2,-0.89,외국어 공부
46,460,4,0.41,요리하기
99,285,2,0.52,수면 습관
65,161,5,1.0,명상
75,515,2,0.26,코딩 연습
59,108,3,-0.7,수영
94,66,4,-0.18,일기쓰기
56,641,1,-0.47,농구
107,551,5,0.5,수면 습관
72,293,5,0.57,스트레칭
72,750,2,-0.03,요가
60,542,1,-0.32,명상
73,259,4,0.56,테니스
22,524,1,-0.58,줄넘기
49,441,5,0.05,명상
13,337,1,-0.07,강의 듣기
41,640,5,-0.33,플래너 작성
30,128,1,0.48,사이클링
57,170,2,0.43,웨이트 트레이닝
77,272,5,-0.14,요리하기
27,458,1,0.41,악기 연주
67,168,2,-0.06,축구
88,232,5,-0.73,목표 설정
52,628,4,0.91,스트레칭
30,592,3,0.87,강의 듣기
35,350,1,-0.02,외국어 공부
103,726,3,0.63,사진 찍기
56,627,2,-0.22,사이클링
71,748,2,-0.42,사진 찍기
48,624,3,-0.31,물 많이 마시기
55,780,5,-0.07,축구
22,350,1,-0.99,스트레칭
46,676,1,-0.99,테니스
76,119,4,0.03,요리하기
31,371,2,-0.64,독서
19,764,3,0.72,문제 풀이
67,670,4,-0.01,배드민턴
14,17,4,0.86,필라테스
117,442,5,0.03,줄넘기
69,18,3,-0.52,테니스
42,324,1,0.25,코딩 연습
28,686,1,0.17,스트레칭
82,22,1,0.98,건강한 식사
26,743,3,-0.92,요리하기
23,552,1,0.37,요리하기
21,90,4,0.02,명상
47,727,1,0.1,배드민턴
21,57,1,-0.21,수면 습관
41,450,5,-0.86,달리기
46,556,2,0.44,축구
5,260,2,0.1,강의 듣기
120,89,2,0.61,필라테스
53,551,5,-0.61,일기쓰기
94,212,5,0.96,악기 연주
51,361,2,-0.5,축구
67,225,1,0.39,사진 찍기
90,416,3,0.04,배드민턴
81,240,4,0.88,일기쓰기
51,440,1,-0.69,수면 습관
51,135,3,0.92,필라테스
51,672,5,-0.3,줄넘기
86,369,1,0.76,코딩 연습
51,704,1,0.62,물 많이 마시기
79,668,4,-0.74,게임
70,226,2,0.84,수영
25,227,5,0.04,농구
85,116,5,0.17,그림 그리기
28,339,5,-0.02,일기쓰기
19,433,1,0.7,코딩 연습
12,216,1,0.17,일기쓰기
30,465,3,0.93,코딩 연습
26,740,5,-0.76,농구
83,640,4,0.96,코딩 연습
13,708,3,0.13,사진 찍기
27,688,2,0.98,그림 그리기
28,12,4,-0.79,테니스
13,283,5,0.29,웨이트 트레이닝
69,511,4,-0.61,명상
94,768,3,0.56,농구
112,559,4,-0.79,게임
55,529,3,-0.56,악기 연주
49,47,3,0.76,농구
95,37,1,-0.51,웨이트 트레이닝
66,553,2,0.66,명상
21,710,4,0.42,외국어 공부
35,546,1,0.77,목표 설정
10,728,3,-0.33,건강한 식사
97,686,2,-0.56,축구
110,771,1,-0.08,웨이트 트레이닝
62,350,3,0.44,웨이트 트레이닝
104,790,4,0.4,요가
6,674,5,0.8,사진 찍기
28,401,1,0.14,요리하기
102,357,3,0.11,농구
24,85,3,0.32,그림 그리기
63,221,1,0.96,목표 설정
48,159,1,0.09,요리하기
22,452,1,-0.97,댄스
22,372,1,-0.89,문제 풀이
9,402,3,-0.17,테니스
113,516,2,0.22,수영
39,542,1,-0.16,외국어 공부
16,158,5,-0.45,요리하기
88,435,2,-0.52,클라이밍
58,535,5,0.09,강의 듣기
113,123,3,0.11,요리하기
29,426,5,-0.74,수영
63,135,5,-0.14,건강한 식사
102,64,1,0.35,달리기
81,555,1,0.63,코딩 연습
70,346,5,0.95,농구
78,214,4,-0.55,테니스
38,212,1,0.34,명상
77,783,4,-0.81,테니스
27,394,3,-0.46,건강한 식사
96,388,5,0.73,필라테스
108,420,4,0.62,농구
104,482,2,0.25,게임
12,260,2,-0.91,악기 연주
49,44,3,0.78,물 많이 마시기
90,672,5,-0.7,플래너 작성
15,616,1,0.34,외국어 공부
97,668,3,-0.93,게임
80,369,5,-0.67,사진 찍기
116,309,2,-0.41,달리기
61,216,1,-0.21,사이클링
73,341,4,0.73,수영
12,289,4,-0.46,배드민턴
18,394,1,-1.0,필라테스
12,164,3,0.18,댄스
26,730,2,0.37,배드민턴
80,193,2,-0.47,배드민턴
47,695,4,-0.8,테니스
56,394,3,0.53,강의 듣기
27,154,4,-0.58,달리기
30,339,3,-0.68,독서
88,364,4,-0.58,물 많이 마시기
20,708,2,-0.25,그림 그리기
102,225,3,0.16,달리기
25,51,1,0.02,악기 연주
41,111,1,-0.72,배드민턴
49,442,2,0.47,사이클링
64,113,4,0.94,댄스
65,42,1,0.98,문제 풀이
39,73,5,-0.64,악기 연주
89,392,1,0.03,스트레칭
51,66,4,-0.66,강의 듣기
5,697,4,0.75,요가
40,521,5,-0.71,그림 그리기
29,527,1,-0.58,필라테스
31,438,5,-0.49,목표 설정
24,697,4,-0.88,댄스
72,544,1,0.68,농구
85,734,3,-0.3,일기쓰기
57,608,5,0.49,스트레칭
78,270,5,0.52,독서
48,344,3,0.51,클라이밍
21,260,4,0.13,외국어 공부
11,499,1,-0.14,독서
37,797,3,0.69,게임
66,633,4,-0.49,문제 풀이
49,301,5,-0.27,수면 습관
58,56,2,-0.88,사이클링
109,119,1,0.96,악기 연주
48,304,1,0.93,탁구
26,48,1,0.72,요리하기
59,382,1,-0.57,게임
101,586,2,-0.94,클라이밍
56,45,4,0.68,줄넘기
28,775,3,0.59,외국어 공부
52,75,4,-0.25,코딩 연습
64,491,5,-0.25,외국어 공부
84,171,3,-0.42,물 많이 마시기
5,22,2,-0.73,목표 설정
69,310,3,0.48,그림 그리기
36,436,2,-0.58,요가
73,711,1,-0.83,클라이밍
113,509,5,0.31,플래너 작성
55,194,1,0.02,스트레칭
55,365,3,-0.49,강의 듣기
27,644,5,0.25,요가
12,538,4,0.43,스트레칭
20,126,3,-0.84,배드민턴
74,711,4,-0.26,게임
29,237,5,0.39,수면 습관
106,100,1,0.69,달리기
78,116,2,-0.98,요리하기
115,126,3,0.25,일기쓰기
33,327,1,0.89,게임
34,503,2,-0.44,댄스
8,331,3,0.29,악기 연주
111,54,4,-0.05,사진 찍기
92,227,5,-0.21,필라테스
73,521,2,0.37,건강한 식사
41,300,1,-0.62,배드민턴
79,450,1,0.67,독서
23,311,4,-0.12,독서
72,571,4,0.43,독서
54,259,1,-0.42,테니스
101,72,2,0.97,배드민턴
56,387,4,-0.49,그림 그리기
88,714,3,-0.62,배드민턴
5,418,3,-0.8,배드민턴
38,406,3,-0.93,스트레칭
71,705,4,-0.0,외국어 공부
46,581,5,0.29,배드민턴
94,558,3,-0.55,달리기
36,755,1,0.26,플래너 작성
65,120,3,0.98,명상
23,442,4,-0.37,웨이트 트레이닝
67,185,2,0.36,목표 설정
114,91,1,0.58,줄넘기
51,660,5,-0.0,요리하기
58,443,3,-0.81,요리하기
113,628,1,-0.81,목표 설정
102,520,5,0.67,게임
50,720,5,0.02,배드민턴
49,396,4,-0.79,댄스
69,797,4,0.53,문제 풀이
118,746,2,-0.88,사이클링
100,13,2,-0.85,웨이트 트레이닝
44,142,3,-0.49,악기 연주
14,156,3,0.13,필라테스
57,512,1,0.73,코딩 연습
70,55,2,0.88,테니스
101,486,4,0.71,플래너 작성
58,485,4,-0.08,스트레칭
5,365,1,-0.18,코딩 연습
79,213,3,-0.62,물 많이 마시기
106,610,2,0.61,그림 그리기
42,467,1,0.06,코딩 연습
85,197,1,0.17,웨이트 트레이닝
95,418,5,-0.69,배드민턴
27,553,5,-0.21,목표 설정
55,26,1,0.82,사진 찍기
98,157,3,0.28,사진 찍기
20,322,2,-0.45,달리기
8,226,4,0.99,명상
107,510,5,-0.47,사진 찍기
83,388,2,-0.65,독서
19,497,1,-0.33,물 많이 마시기
79,152,3,0.32,목표 설정
38,773,3,0.29,건강한 식사
36,343,3,-0.31,물 많이 마시기
110,733,5,0.27,농구
14,88,3,0.08,물 많이 마시기
43,316,5,0.89,배드민턴
53,577,1,0.73,물 많이 마시기
28,740,1,-0.25,그림 그리기
43,142,2,0.85,목표 설정
119,461,4,0.84,게임
92,425,1,-0.52,그림 그리기
71,381,5,-0.76,수면 습관
82,251,2,-0.13,건강한 식사
33,323,1,0.69,테니스
53,149,1,-0.02,클라이밍
72,240,5,0.4,축구
74,134,2,-0.12,플래너 작성
52,608,1,0.41,클라이밍
93,375,1,0.65,댄스
64,608,5,0.4,명상
25,355,3,0.56,스트레칭
101,339,2,-0.09,스트레칭
43,113,5,0.12,사이클링
111,249,3,-0.1,축구
23,223,2,-0.27,영화 감상
78,500,1,0.54,일기쓰기
72,37,3,0.99,물 많이 마시기
19,530,2,0.42,코딩 연습
59,111,4,0.11,스트레칭
88,267,4,-0.13,그림 그리기
102,327,5,-0.77,그림 그리기
64,739,4,-0.52,문제 풀이
70,332,3,0.46,강의 듣기
113,405,3,0.89,사진 찍기
83,115,5,0.51,게임
61,487,3,0.19,목표 설정
67,697,4,0.59,수영
110,244,3,0.53,일기쓰기
34,276,4,-0.92,강의 듣기
33,183,2,-0.39,목표 설정
76,35,2,0.11,악기 연주
111,275,4,0.96,게임
111,746,4,-0.56,외국어 공부
120,42,1,0.33,댄스
18,445,1,-0.66,물 많이 마시기
105,791,2,0.3,플래너 작성
38,637,1,-0.77,웨이트 트레이닝
118,178,5,0.97,웨이트 트레이닝
93,658,1,-0.99,테니스
67,345,5,0.04,클라이밍
111,668,4,0.64,요가
62,788,4,0.31,웨이트 트레이닝
77,295,1,-0.4,농구
105,291,1,-0.8,강의 듣기
101,258,3,0.68,축구
44,26,1,0.32,사진 찍기
84,545,3,0.19,사진 찍기
77,718,3,0.54,악기 연주
66,492,2,0.66,목표 설정
85,769,1,-0.3,필라테스
63,647,4,-0.18,사진 찍기
17,169,2,0.37,줄넘기
119,21,1,0.88,줄넘기
21,473,4,-0.65,그림 그리기
112,615,4,-0.49,코딩 연습
59,697,2,0.18,수영
56,761,4,0.66,문제 풀이
86,493,4,0.14,수영
97,164,2,-0.98,스트레칭
112,768,2,0.05,탁구
108,609,1,-0.14,그림 그리기
120,254,3,-0.74,영화 감상
84,160,2,0.53,필라테스
66,733,3,-0.89,강의 듣기
69,52,5,0.91,명상
81,727,4,-0.39,댄스
76,284,2,0.45,목표 설정
59,636,2,-0.15,그림 그리기
27,483,1,-0.2,건강한 식사
99,618,3,0.44,문제 풀이
116,216,3,-0.04,요가
51,563,1,0.64,강의 듣기
118,693,5,-0.61,탁구
60,262,2,0.82,문제 풀이
48,362,3,0.57,배드민턴
74,753,4,0.47,사진 찍기
93,268,4,-0.81,사이클링
9,38,1,0.93,농구
42,73,2,0.44,수영
20,38,2,-0.06,물 많이 마시기
81,290,1,-0.33,클라이밍
50,561,5,-0.61,그림 그리기
111,417,4,-0.73,축구
16,734,4,-0.03,게임
54,434,5,-0.95,코딩 연습
74,489,4,0.79,외국어 공부
53,320,2,-0.6,건강한 식사
111,80,5,-0.61,사진 찍기
39,169,2,0.44,탁구
55,736,1,-0.89,클라이밍
71,359,5,0.05,테니스
27,73,2,-0.33,외국어 공부
78,420,3,-0.03,건강한 식사
37,205,5,0.71,게임
72,156,1,-0.59,강의 듣기
56,472,4,0.69,필라테스
67,318,2,0.74,배드민턴
63,532,2,-0.28,테니스
71,710,5,-0.91,독서
35,234,5,-0.85,사진 찍기
58,267,5,-0.84,줄넘기
105,334,1,0.67,배드민턴
110,409,1,0.88,물 많이 마시기
54,75,3,-0.79,요가
7,366,3,-0.71,스트레칭
59,298,2,0.72,악기 연주
85,197,4,-0.65,배드민턴
16,792,5,-0.45,축구
36,101,1,0.76,필라테스
54,484,2,0.45,농구
19,128,5,-0.09,명상
78,185,2,-0.04,축구
65,279,1,-0.56,달리기
54,163,2,-0.04,플래너 작성
39,424,5,-0.81,축구
5,303,1,0.44,건강한 식사
10,671,2,0.49,건강한 식사
20,537,1,-0.15,요가
86,652,1,0.64,스트레칭
66,372,4,-0.89,배드민턴
76,99,1,0.48,게임
108,128,3,0.09,농구
90,541,3,-0.2,명상
93,507,2,-0.25,탁구
85,237,4,0.52,일기쓰기
91,626,2,-0.23,명상
116,328,5,-0.56,사이클링
107,756,5,-0.1,목표 설정
12,104,1,-0.52,코딩 연습
47,407,5,0.82,클라이밍
40,555,1,-0.89,강의 듣기
113,191,2,-0.92,명상
72,185,3,0.53,필라테스
30,515,2,-0.78,일기쓰기
102,351,2,-0.49,영화 감상
92,280,5,-0.01,배드민턴
29,450,1,0.48,필라테스
43,543,2,-0.42,요리하기
26,368,3,-0.76,테니스
108,159,3,-0.24,문제 풀이
63,547,2,0.4,농구
90,645,5,0.02,줄넘기
21,221,1,0.03,악기 연주
104,283,3,0.22,악기 연주
31,647,3,0.86,줄넘기
106,791,3,-0.34,사이클링
108,201,2,-0.71,코딩 연습
55,355,3,-0.53,요리하기
10,583,5,-0.87,웨이트 트레이닝
28,695,1,0.41,요리하기
8,651,2,0.66,물 많이 마시기
72,719,5,-0.25,테니스
99,75,5,0.15,테니스
52,756,5,-0.31,배드민턴
111,499,1,0.04,강의 듣기
68,780,4,0.34,클라이밍
25,676,1,0.66,배드민턴
27,283,5,-0.26,탁구
13,747,3,-0.91,명상
37,29,4,-0.69,농구
53,368,3,-0.28,필라테스
33,598,5,0.16,수영
36,110,5,1.0,사이클링
51,409,4,-0.53,강의 듣기
27,368,2,-0.4,사이클링
9,366,5,-0.88,일기쓰기
18,235,4,-0.53,클라이밍
118,328,2,-0.15,배드민턴
90,169,4,-0.56,물 많이 마시기
45,167,3,0.89,테니스
93,42,4,0.13,축구
106,223,4,-0.71,축구
12,430,2,0.59,건강한 식사
31,46,1,0.16,일기쓰기
49,729,2,0.7,게임
5,668,5,-0.6,축구
100,661,5,-0.02,수영
92,146,1,0.22,필라테스
9,161,1,0.37,수영
19,791,2,-0.53,요리하기
38,231,2,0.81,요가
81,181,5,0.81,배드민턴
30,122,5,-0.38,독서
21,494,4,0.71,달리기
49,219,5,-0.57,문제 풀이
12,711,2,-0.41,악기 연주
43,368,1,-0.3,달리기
52,759,4,-0.67,달리기
30,632,2,-0.2,스트레칭
83,108,5,0.21,농구
88,495,2,0.93,게임
16,482,5,-0.66,코딩 연습
16,15,5,0.56,스트레칭
16,683,5,0.07,영화 감상
80,252,4,0.3,독서
6,399,5,0.84,요가
32,437,4,-0.32,악기 연주
31,505,1,-0.02,문제 풀이
108,494,4,0.65,웨이트 트레이닝
106,681,4,-0.31,요가
120,21,1,0.62,테니스
57,145,5,-0.93,일기쓰기
78,170,2,-0.45,악기 연주
35,607,3,-0.24,농구
5,62,3,0.26,요가
108,756,3,-0.09,문제 풀이
38,197,3,0.5,클라이밍
19,587,5,-0.23,요리하기
55,775,3,-1.0,클라이밍
99,675,1,-0.24,외국어 공부
36,60,1,0.23,수면 습관
103,724,4,-0.02,물 많이 마시기
90,417,3,0.39,수면 습관
110,800,4,0.34,영화 감상
58,326,3,0.2,독서
70,123,1,-0.15,영화 감상
47,531,3,-0.53,게임
85,640,5,-0.77,줄넘기
65,469,3,-0.02,물 많이 마시기
